rf_code;rf_type;rf_fabric;rf_design;rf_etat;rf_comment;rf_creadat;rf_majdate;rf_majsrc;rf_abddate;rf_abdsrc
RF2;BP;OR16;INDETERMINE;;;;;;;
RF1;BP;OR237;PIRELLI;;;;;;;
RF3;BP;OR239;NEXANS;;;;;;;
RF4;BP;OR240;TYCO;;;;;;;
RF5;BP;OR241;TE Connectivity;;;;;;;
RF6;BP;OR242;POUYET;;;;;;;
RF7;BP;OR243;COMMSCOPE;;;;;;;
RF8;BP;OR244;Generique;;;;;;;
RF9;BP;OR246;Generique FT;;;;;;;
RF10;BP;OR247;BPE 3M;;;;;;;
RF11;BP;OR248;RAYCHEM;;;;;;;
RF12;CA;OR16;48 - 6@8 - FT - G652;;;;;;;
RF13;CA;OR244;2Fo Modulo 2 FT;;;;;;;
RF14;CA;OR16;12 - 2@6 - Ldcom - G652;;;;;;;
RF15;CA;OR16;24 - 4@6 - Ldcom - G652;;;;;;;
RF16;CA;OR16;72 - 6@12 - Ldcom - G652;;;;;;;
RF17;CA;OR271;CCU1580 - 24Fo - Modulo [12] - ldcom - G652D;;;;;;;
RF18;CA;OR244;72Fo - Modulo [12] - RFF - G652;;;;;;;
RF19;CA;OR16;48 - 4@12 - Ldcom - G652;;;;;;;
RF20;CA;OR244;48Fo - Modulo [6] - FT - G657;;;;;;;
RF21;CA;OR16;144 - 12@12 - SNCF||FT - G652;;;;;;;
RF22;CA;OR244;144Fo - Modulo [12] - ldcom - G652;;;;;;;
RF23;CA;OR16;72 - 6@12 - SNCF||FT - G652;;;;;;;
RF24;CA;OR16;24 - 2@12 - Ldcom - G652;;;;;;;
RF25;CA;OR244;24Fo - Modulo [6] - FT - G657A;;;;;;;
RF26;CA;OR244;36Fo - Modulo [6] - ldcom - G652;;;;;;;
RF27;CA;OR244;12Fo - Modulo [6] - FT - G657;;;;;;;
RF28;CA;OR244;72Fo - Modulo [12] - ldcom - G652;;;;;;;
RF29;CA;OR244;24Fo - Modulo [6] - FT - G657;;;;;;;
RF30;CA;OR244;24Fo - Modulo [6] - ldcom - G652;;;;;;;
RF31;CA;OR244;24Fo - Modulo [12] - FT - G657;;;;;;;
RF32;CA;OR244;288Fo - Modulo [12] - ldcom - G652;;;;;;;
RF33;CA;OR244;48Fo - Modulo [12] - FT - G652;;;;;;;
RF34;CA;OR244;1Fo Modulo 1 FT;;;;;;;
RF35;CA;OR239;SP1358 - 144Fo - Modulo [12] - ldcom - G652D;;;;;;;
RF36;CA;OR244;144Fo - Modulo [12] - RFF - G652;;;;;;;
RF37;CA;OR244;12Fo - Modulo[6]  - FT - G652;;;;;;;
RF38;CA;OR16;12 - 1@12 - Ldcom - G652;;;;;;;
RF39;CA;OR16;2 - 1@2 - Ldcom - G652;;;;;;;
RF40;CA;OR16;144 - 12@12 - Ldcom - G652;;;;;;;
RF41;CA;OR16;72 - 6@12 - FT - G652;;;;;;;
RF42;CA;OR16;36 - 6@6 - Ldcom - G652;;;;;;;
RF43;CA;OR16;48 - 6@8 - FT-2 - G652;;;;;;;
RF44;CA;OR267;FUDIFT-D2-KP - 48Fo - Modulo [12] - FT - G652D;;;;;;;
RF45;CA;OR244;12Fo - Modulo [6] - ldcom - G652;;;;;;;
RF46;CA;OR244;SP1440 - 144Fo - Modulo[12]  - Ldcom||FT - G652;;;;;;;
RF47;CA;OR244;48Fo - Modulo [12] - ldcom - G652;;;;;;;
RF48;CA;OR239;SP1103 - 24Fo - Modulo [6] - ldcom - G652D;;;;;;;
RF49;CA;OR244;36Fo - Modulo [12] - RFF - G652;;;;;;;
RF50;CA;OR244;36Fo - Modulo [12] - ldcom - G652;;;;;;;
RF51;CA;OR16;288 - 24@12 - Ldcom||LD-0 - G652;;;;;;;
RF52;CA;OR239;SP1094 - 72Fo - Modulo [12] - ldcom - G652D;;;;;;;
RF53;CA;OR268;72 - 6@12 - Ldcom - G652;;;;;;;
RF54;CA;OR16;12 - 6@2 - Ldcom - INDETERMINE;;;;;;;
RF55;CA;OR239;SP1105 - 72Fo - Modulo [6] - ldcom - G652D;;;;;;;
RF56;CA;OR16;144 - 12@12 - Ldcom - MIXTE;;;;;;;
RF57;CA;OR244;12Fo - Modulo [12] - ldcom - G652;;;;;;;
RF58;CA;OR268;24 - 4@6 - Ldcom - G652;;;;;;;
RF59;CA;OR16;48 - 4@12 - FT - G652;;;;;;;
RF60;CA;OR244;48Fo - Modulo [6] - ldcom - G652;;;;;;;
RF61;CA;OR244;48Fo - Modulo [12] - FT - G657;;;;;;;
RF62;CA;OR16;60 - 5@12 - FT-2 - G652;;;;;;;
RF63;CA;OR16;12 - 1@12 - Ldcom||SNCF - G652;;;;;;;
RF64;CA;OR244;36Fo - Modulo [6] - RFF - G652;;;;;;;
RF65;CA;OR239;SP1089 - 12Fo - Modulo [6] - ldcom - G657A;;;;;;;
RF66;CA;OR246;Generique FT - 12 - FT Color Schema Modulo 6 - 2@6;;;;;;;
RF67;CA;OR16;24 - 2@12 - FT - G652;;;;;;;
RF68;CA;OR16;48 - 8@6 - Ldcom - G652;;;;;;;
RF69;CA;OR271;CCU1580 - 48Fo - Modulo [12] - ldcom - G652D;;;;;;;
RF70;CA;OR16;12 - 2@6 - FT - G652;;;;;;;
RF71;CA;OR16;24 - 12@2 - FT - G652;;;;;;;
RF72;CA;OR271;CCU1580 - 12Fo - Modulo [12] - ldcom - G652D;;;;;;;
RF73;CA;OR16;12 - 6@2 - FT - INDETERMINE;;;;;;;
RF74;CA;OR16;144 - 12@12 - Ldcom||FT - G652;;;;;;;
RF75;CA;OR16;72 - 6@12 - SNCF||Ldcom - G652;;;;;;;
RF76;CA;OR16;36 - 3@12 - SNCF||FT - G652;;;;;;;
RF77;CA;OR244;288Fo - Modulo [12] - ldcom liseré - G652;;;;;;;
RF78;CA;OR244;72Fo - Modulo [12] - FT - G652;;;;;;;
RF79;CA;OR16;24 - 4@6 - FT - G652;;;;;;;
RF80;CA;OR16;48 - 8@6 - Ldcom - INDETERMINE;;;;;;;
RF81;CA;OR239;SP1581 - 72Fo - Modulo [4] - FT sur 12 fibres - G657A;;;;;;;
RF82;CA;OR16;72 - 6@12 - KPT-2 - G652;;;;;;;
RF83;CA;OR239;SP1094 - 48Fo - Modulo [12] - ldcom - G652D;;;;;;;
RF84;CA;OR239;SP1373 - 72Fo - extractible Modulo [6] - ldcom - G652D;;;;;;;
RF85;CA;OR271;CCU1580 - 72Fo - Modulo [12] - FT - G652D;;;;;;;
RF86;CA;OR239;SP034 - 288Fo - Modulo [24] - ldcom G652D;;;;;;;
RF87;CA;OR239;SP1375 - 24Fo - Modulo [6] - ldcom - G657A;;;;;;;
RF88;CA;OR239;SP1103 - 36Fo - Modulo [6] - ldcom - G652D;;;;;;;
RF89;CA;OR16;48 - 8@6 - FT - G652;;;;;;;
RF90;CA;OR16;144 - 12@12 - FT - MIXTE;;;;;;;
RF91;CA;OR16;12 - 1@12 - FT||Marron - G652;;;;;;;
RF92;CA;OR269;144 - 12@12 - Ldcom - MIXTE;;;;;;;
RF93;CA;OR244;144Fo - Modulo [12] - FT - G652;;;;;;;
RF94;CA;OR244;72Fo - Modulo [12] - FT - G657;;;;;;;
RF95;CA;OR16;48 - 6@8 - Ldcom - G652;;;;;;;
RF96;CA;OR16;12 - 6@2 - FT - G652;;;;;;;
RF97;CA;OR16;72- 6@12 - Ldcom - G652;;;;;;;
RF98;CA;OR16;48 - 12@4 - FT - MIXTE;;;;;;;
RF99;CA;OR16;12 - 1@12 - FT-6||Jaune - G652;;;;;;;
RF100;CA;OR246;Generique FT - 24- FT Color Schema Modulo 6 - 4@6;;;;;;;
RF101;CA;OR16;36 - 6@6 - SNCF||FT - G652;;;;;;;
RF102;CA;OR271;N9650A - 24FO - Modulo [6] - FT - G657ASFR;;;;;;;
RF103;CA;OR271;CCU1580 - 72Fo - Modulo [12] - ldcom - G652D;;;;;;;
RF104;CA;OR16;144- 12@12 - Ldcom - G652;;;;;;;
RF105;CA;OR271;UNC1634 - 24Fo - Modulo [12] - ldcom - G652D;;;;;;;
RF106;CA;OR292;817A72DNGS - 72Fo - Modulo [12] - FT - G652D;;;;;;;
RF107;CA;OR16;288 - 24@12 - LD-3 - G652;;;;;;;
RF108;CA;OR270;NT6289 - 144Fo - Modulo [12] - FT - G652D;;;;;;;
RF109;CA;OR239;SP1603 - 12Fo - Modulo [6] - FT - G657A;;;;;;;
RF110;CA;OR268;144 - 12@12 - Ldcom||FT - G652;;;;;;;
RF111;CA;OR16;12 - 1@12 - Ldcom||Vert - G652;;;;;;;
RF112;CA;OR16;36 - 3@12 - Ldcom - G652;;;;;;;
RF113;CA;OR16;48 - 4@12 - Ldcom||LD-12 - G652;;;;;;;
RF114;CA;OR239;SP1100 - 24Fo - Modulo [12] - ldcom - G657A;;;;;;;
RF115;CA;OR239;SP1375 - 24Fo - Modulo [6] - FT - G652D;;;;;;;
RF116;CA;OR16;12 - 1@12 - FT - G652;;;;;;;
RF117;CA;OR244;288Fo - Modulo [12] - RFF - G652;;;;;;;
RF118;CA;OR16;288 - 24@12 - Ldcom||LD-0 - MIXTE;;;;;;;
RF119;CA;OR244;12Fo - Modulo [6] - FT - G652;;;;;;;
RF120;CA;OR16;96 - 8@12 - FT - G652;;;;;;;
RF121;CA;OR271;UNC1566 - 144Fo - Modulo [12] - FT - G652D;;;;;;;
RF122;CA;OR16;144 - 12@12 - FT - G652;;;;;;;
RF123;CA;OR244;288Fo - Modulo [12] - Ldcom||LD-0;;;;;;;
RF124;CA;OR273;48 - 4@12 - Ldcom - G652;;;;;;;
RF125;CA;OR244;12Fo - Modulo[6]  - FT - G657;;;;;;;
RF126;CA;OR239;SP1375 - 12Fo - Modulo [6] - FT - G657A;;;;;;;
RF127;CA;OR271;CCU1580 - 144Fo - Modulo [12] - ldcom - G652D;;;;;;;
RF128;CA;OR239;SP1358 - 144Fo - Modulo [12] - ldcom - G657A;;;;;;;
RF129;CA;OR266;12 - 2@6 - Ldcom - G652;;;;;;;
RF130;CA;OR244;12Fo - Modulo [12] - FT - G657;;;;;;;
RF131;CA;OR244;12Fo Modulo [6] Ldcom;;;;;;;
RF132;CA;OR244;12Fo - Modulo [12] - FT - G652;;;;;;;
RF133;CA;OR16;72 - 6@12 - Ldcom||INTERXION-1 - G652;;;;;;;
RF134;CA;OR16;24 - 4@6 - Ldcom - G655 LEAF;;;;;;;
RF135;CA;OR16;288 - 24@12 - Ldcom2Bagues - G652;;;;;;;
RF136;CA;OR271;UNC1633 - 36Fo - Modulo [12] - FT - G657A;;;;;;;
RF137;CA;OR239;SP1375 - 72Fo - Modulo [6] - ldcom - G652D;;;;;;;
RF138;CA;OR239;SP1105 - 36Fo - Modulo [12] - ldcom - G652D;;;;;;;
RF139;CA;OR244;36Fo - Modulo [6] - FT - G657;;;;;;;
RF140;CA;OR16;120 - 10@12 - KPN-1||KPN-0 - G652;;;;;;;
RF141;CA;OR16;36 - 6@6 - FT - G652;;;;;;;
RF142;CA;OR16;48 - 4@12 - FT||BELGACOM-1 - G652;;;;;;;
RF143;CA;OR237;72 - 6@12 - Ldcom - G652;;;;;;;
RF144;CA;OR244;36Fo - Modulo [12] - FT - G652;;;;;;;
RF145;CA;OR268;144 - 12@12 - Ldcom - MIXTE;;;;;;;
RF146;CA;OR271;HPC1626 24 Fo Modulo [6] FT G652D;;;;;;;
RF147;CA;OR244;36Fo - Modulo [6] - FT - G652;;;;;;;
RF148;CA;OR239;SP1440 - 144Fo - Modulo [12] - ldcom - G657A;;;;;;;
RF149;CA;OR244;72 - 6@12 - Ldcom - G652;;;;;;;
RF150;CA;OR237;48 - 4@12 - Ldcom - MIXTE;;;;;;;
RF151;CA;OR244;48Fo - Modulo [12] - RFF - G652;;;;;;;
RF152;CA;OR244;48Fo - Modulo [4] - ldcom - G652;;;;;;;
RF153;CA;OR16;72 - 6@12 - FT-2 - G652;;;;;;;
RF154;CA;OR268;144 - 12@12 - Ldcom - G652;;;;;;;
RF155;CA;OR244;72Fo - Modulo [6] - FT - G657;;;;;;;
RF156;CA;OR16;144Fo - Modulo [12] - ldcom - G652;;;;;;;
RF157;CA;OR271;24 Fo Modulo [6] FT G652;;;;;;;
RF158;CA;OR239;SP1100 - 72Fo - Modulo [12] - FT - G657A;;;;;;;
RF159;CA;OR16;72 - 6@12 - !TD_PBC||FT - G652;;;;;;;
RF160;CA;OR271;UNC1633 - 12Fo - Modulo [12] - FT - G652D;;;;;;;
RF161;CA;OR16;24 - 6@4 - Erenis - INDETERMINE;;;;;;;
RF162;CA;OR16;144 - 12@12 - Ldcom||FT - MIXTE;;;;;;;
RF163;CA;OR244;24Fo - Modulo [6] - FT - G652;;;;;;;
RF164;CA;OR16;12 - 1@12 - FT-6 - G652;;;;;;;
RF165;CA;OR16;72 - 12@6 - Ldcom - INDETERMINE;;;;;;;
RF166;CA;OR271;HPC1626 48 Fo Modulo [6] FT G652D;;;;;;;
RF167;CA;OR16;12 - 1@12 - Ldcom||Jaune - G652;;;;;;;
RF168;CA;OR239;SP1375 - 72Fo - Modulo [6] - FT - G652D;;;;;;;
RF169;CA;OR266;12 - 1@12 - Ldcom - G652;;;;;;;
RF170;CA;OR244;24Fo - Modulo [12] - FT - G652;;;;;;;
RF171;CA;OR16;6 - 1@6 - Ldcom - G652;;;;;;;
RF172;CA;OR239;SP1440 - 72Fo - Modulo [12] - ldcom - G657A;;;;;;;
RF173;CA;OR272;36 - 6@6 - Ldcom - G652;;;;;;;
RF174;CA;OR239;SP1077 - 144Fo - Modulo [12] - ldcom - G652D;;;;;;;
RF175;CA;OR271;UND1533 - 12Fo - Modulo [6] - FT - G657A2 - Conduite;;;;;;;
RF176;CA;OR271;UNC1634 - 36Fo - Modulo [12] - ldcom - G652D;;;;;;;
RF177;CA;OR239;SP1603 - 12Fo - Modulo [6] - ldcom - G657A;;;;;;;
RF178;CA;OR239;SP1375 - 72Fo - Modulo [12] - ldcom - G652D;;;;;;;
RF179;CA;OR239;SP1105 - 72Fo - Modulo [12] - ldcom - G652D;;;;;;;
RF180;CA;OR244;2Fo Modulo 2 Ldcom;;;;;;;
RF181;CA;OR271;CCU1580 - 24Fo - Modulo [12] - FT - G652D;;;;;;;
RF182;BA;OR273;ALCATEL;;;;;;;
RF186;BA;OR308;CORNING;;;;;;;
RF187;BA;OR247;3M;;;;;;;
RF189;BA;OR270;PRYSMIAN;;;;;;;
RF190;BA;OR16;INDETERMINE;;;;;;;
RF191;BA;OR309;IDEAOPTICAL;;;;;;;
RF193;TI;OR309;IDEAOPTICAL;;;;;;;
RF194;TI;OR16;INDETERMINE;;;;;;;
RF195;TI;OR244;GENERIQUE;;;;;;;
RF196;TI;OR308;CORNING;;;;;;;
RF197;TI;OR309;IDEAOPTICAL;;;;;;;
RF198;CS;OR244;GENERIQUE;;;;;;;
RF192;CS;OR244;GENERIQUE;;;;;;;
RF193;CA;OR239;24Fo - Modulo[6]  - FT - G652;;;;;;;
RF194;CA;OR239;288Fo - Modulo [12] - ldcom liseré - G652;;;;;;;
RF195;CA;OR239;288Fo - Modulo [12] - ldcom liseré - G652;;;;;;;
RF196;CA;OR239;12Fo - Modulo [6] - ldcom - G657;;;;;;;
