st_code;st_nd_code;st_codeext;st_nom;st_prop;st_gest;st_user;st_proptyp;st_statut;st_etat;st_dateins;st_datemes;st_avct;st_typephy;st_typelog;st_nblines;st_ad_code;st_comment;st_creadat;st_majdate;st_majsrc;st_abddate;st_abdsrc
297675;297675;297675;POP FTTS AV GUILLERAIES NANTERRE;OR1;OR1;0R21;OCC;MCO;OK;12/12/2011;12/12/2011;E;Armoire Outdoor;HEBERG;12;;;12/12/2011;;;;
297711;297711;297711;IRS ARMOIRE ANGLE SOLETS-LONGJUMEAU (RUNGIS);OR1;OR2;0R21;OCC;MCO;OK;18/05/2011;18/05/2011;E;Armoire Outdoor;HEBERG;24;;;18/05/2011;;;;
306881;306881;306881;"IRS - ARMOIRE DE RUE - ""CAMERA 12"" - CARREFOUR DE LA CROIX DE NERNY (ANTONY)";OR21;OR1;0R21;CST;MCO;OK;07/12/2012;07/12/2012;E;Armoire Outdoor;BRASSAGE;72;;;07/12/2012;;;;
3461263;3461263;3461263;TD_PORCHEFONTAINE SB;OR1;OR1;0R21;OCC;MCO;OK;05/12/2007;05/12/2007;E;Shelter;BRASSAGE;72;;;05/12/2007;;;;
3461283;3461283;3461283;TELCITE REUIL MALMAISON;OR4;OR4;0R21;OCC;MCO;OK;18/11/2003;18/11/2003;E;Batiment;BRASSAGE;12;;;18/11/2003;;;;
3461288;3461288;3461288;POP FTTS VIROFLAY-NORD;OR1;OR1;0R21;OCC;MCO;OK;29/02/2012;29/02/2012;E;Batiment;HEBERG;12;;;29/02/2012;;;;
3461301;3461301;3461301;POP INTERXION 4 NANTERRE;OR225;OR231;0R21;OCC;MCO;OK;11/06/2007;11/06/2007;E;Batiment;HEBERG;216;;;11/06/2007;;;;
3461302;3461302;3461302;POP MGP INTERXION 4;OR225;OR231;0R21;OCC;MCO;OK;30/08/2007;30/08/2007;E;Batiment;HEBERG;144;;;30/08/2007;;;;
3461313;3461313;3461313;POP FTTS STADE VAUCRESSON;OR1;OR1;0R21;OCC;MCO;OK;29/11/2011;29/11/2011;E;Batiment;HEBERG;12;;;29/11/2011;;;;
3461335;3461335;3461335;POP FTTS GARCHES (STADE);OR1;OR1;0R21;OCC;MCO;OK;12/03/2012;12/03/2012;E;Batiment;HEBERG;12;;;12/03/2012;;;;
3461339;3461339;3461339;URA HOUILLES;OR19;OR19;0R21;OCC;MCO;OK;08/03/2004;08/03/2004;E;Batiment;NRA;36;;;08/03/2004;;;;
3461344;3461344;3461344;POP FTTS RUE DES BLANCHISSEURS (CHAVILLE GARE);OR1;OR1;0R21;OCC;MCO;OK;17/01/2012;17/01/2012;E;Batiment;HEBERG;12;;;17/01/2012;;;;
3461351;3461351;3461351;POP FTTS RUE DE LA FONTAINE (CHAVILLE);OR1;OR1;0R21;OCC;MCO;OK;17/01/2012;17/01/2012;E;Batiment;HEBERG;12;;;17/01/2012;;;;
3461361;3461361;3461361;POP FTTS NANTERRE BIS;OR1;OR1;0R21;OCC;MCO;OK;15/12/2011;15/12/2011;E;Batiment;HEBERG;12;;;15/12/2011;;;;
3461453;3461453;3461453;POP FTTS NANTERRE (STADE);OR1;OR1;0R21;OCC;MCO;OK;16/12/2011;16/12/2011;E;Batiment;HEBERG;12;;;16/12/2011;;;;
3461466;3461466;3461466;CAPITOLE;OR1;OR1;0R21;OCC;MCO;OK;31/05/2001;31/05/2001;E;Batiment;HEBERG;216;;;31/05/2001;;;;
3461550;3461550;3461550;POP FTTS NANTERRE GARE BIS;OR1;OR1;0R21;OCC;MCO;OK;19/12/2011;19/12/2011;E;Batiment;HEBERG;12;;;19/12/2011;;;;
3461580;3461580;3461580;POP NUMERICABLE SURESNES;OR13;OR13;0R21;OCC;MCO;OK;08/04/2002;08/04/2002;E;Batiment;HEBERG;12;;;08/04/2002;;;;
3461583;3461583;3461583;PONT DE SEVRES RD - NE PAS UTILISER;OR1;OR1;0R21;OCC;MCO;OK;19/03/2001;19/03/2001;E;Batiment;BRASSAGE;72;;;19/03/2001;;;;
3461652;3461652;3461652;POP GRANDE ARCHE DE LA DEFENSE L.A. V2;OR4;OR4;0R21;OCC;MCO;OK;08/09/2003;08/09/2003;E;Batiment;BRASSAGE;336;;;08/09/2003;;;;
3461657;3461657;3461657;POP FOD LTR5;OR225;OR235;0R21;OCC;MCO;OK;10/07/2001;10/07/2001;E;Batiment;BRASSAGE;48;;;10/07/2001;;;;
3461784;3461784;3461784;POP FOD ESPLANADE DE LA DEFENSE;OR225;OR235;0R21;OCC;MCO;OK;26/05/2004;26/05/2004;E;Batiment;BRASSAGE;288;;;26/05/2004;;;;
3461795;3461795;3461795;POP LIBERTY SURF BOULOGNE BILLANCOURT;OR225;OR1;0R21;OCC;MCO;OK;26/02/2002;26/02/2002;E;Batiment;HEBERG;36;;;26/02/2002;;;;
3461806;3461806;3461806;POP BOULOGNE 2_UE;OR1;OR1;0R21;OCC;MCO;OK;12/09/2007;12/09/2007;E;Batiment;HEBERG;576;;;12/09/2007;;;;
3461822;3461822;3461822;POP FTTS PONT D'ARGENTEUIL;OR1;OR1;0R21;OCC;MCO;OK;15/02/2012;15/02/2012;E;Batiment;HEBERG;12;;;15/02/2012;;;;
3461860;3461860;3461860;PONT DE NEUILLY;OR1;OR1;0R21;OCC;MCO;OK;16/03/2001;16/03/2001;E;Shelter;BRASSAGE;144;;;16/03/2001;;;;
3461888;3461888;3461888;POP 9T BOULOGNE BILLANCOURT;OR1;OR1;0R21;OCC;MCO;OK;11/12/2001;11/12/2001;E;Batiment;HEBERG;612;;;11/12/2001;;;;
3461908;3461908;3461908;NETCENTER COURBEVOIE_UE;OR1;OR1;0R21;OCC;MCO;OK;26/06/2003;26/06/2003;E;Batiment;HEBERG;720;;;26/06/2003;;;;
3462017;3462017;3462017;POP NUMERICABLE ISSY LES MOULINEAUX TRN2;OR13;OR13;0R21;OCC;MCO;OK;10/04/2002;10/04/2002;E;Batiment;HEBERG;12;;;10/04/2002;;;;
3462448;3462448;3462448;POP AMEC SPIE CERGY;OR21;OR21;0R21;CST;MCO;OK;26/08/2004;26/08/2004;E;SITE CLIENT;HEBERG;168;;;26/08/2004;;;;
3462587;3462587;3462587;POP SFR PTC ERAGNY;OR1;OR1;0R21;OCC;MCO;OK;10/01/2008;10/01/2008;E;Batiment;HEBERG;36;;;10/01/2008;;;;
3462646;3462646;3462646;POP FTTS RUE FONTENAY SCEAUX;OR1;OR1;0R21;OCC;MCO;OK;29/12/2011;29/12/2011;E;Batiment;HEBERG;12;;;29/12/2011;;;;
3462650;3462650;3462650;NRA GENNEVILLIERS;OR19;OR19;0R21;OCC;MCO;OK;13/10/2009;13/10/2009;E;Batiment;NRA;36;;;13/10/2009;;;;
3462702;3462702;3462702;POP GLOBALSWITCH CLICHY (EXODUS);OR222;OR222;0R21;OCC;MCO;OK;24/10/2001;24/10/2001;E;Batiment;HEBERG;48;;;24/10/2001;;;;
3462703;3462703;3462703;POP PTC BAGNEUX SEMARD (FONTENAY AUX ROSES);OR1;OR1;0R21;OCC;MCO;OK;08/03/2011;08/03/2011;E;Batiment;HEBERG;36;;;08/03/2011;;;;
3462766;3462766;3462766;TDR ASNIERES_UE;OR13;OR13;0R21;OCC;MCO;OK;05/07/2002;05/07/2002;E;Batiment;HEBERG;36;;;05/07/2002;;;;
3462786;3462786;3462786;POP FTTS SCEAUX (EPF);OR1;OR1;0R21;OCC;MCO;OK;20/10/2011;20/10/2011;E;Batiment;HEBERG;36;;;20/10/2011;;;;
3462828;3462828;3462828;CAA BERNY ANTHONY;OR19;OR19;0R21;OCC;MCO;OK;10/09/2002;10/09/2002;E;Batiment;NRA;36;;;10/09/2002;;;;
3462996;3462996;3462996;POP PTC TD_BAGNEUX COQUARTS CGTEL;OR1;OR1;0R21;OCC;MCO;OK;05/12/2007;05/12/2007;E;Batiment;HEBERG;72;;;05/12/2007;;;;
3463128;3463128;3463128;POP FTTS FRESNES (PEPINIERES);OR1;OR1;0R21;OCC;MCO;OK;04/04/2012;04/04/2012;E;Batiment;HEBERG;12;;;04/04/2012;;;;
3463266;3463266;3463266;NRA CACHAN;OR19;OR19;0R21;OCC;MCO;OK;05/11/2009;05/11/2009;E;Batiment;NRA;36;;;05/11/2009;;;;
3463294;3463294;3463294;POP TISCALI FRUCTIDOR ST OUEN;OR225;OR21;0R21;OCC;MCO;OK;21/09/2004;21/09/2004;E;Batiment;HEBERG;60;;;21/09/2004;;;;
3463310;3463310;3463310;POP FTTS ARCUEIL LE BRIAND;OR1;OR1;0R21;OCC;MCO;OK;24/01/2012;24/01/2012;E;Batiment;HEBERG;12;;;24/01/2012;;;;
3463487;3463487;3463487;POP FTTS BLERIOT FRESNES;OR1;OR1;0R21;OCC;MCO;OK;13/03/2012;13/03/2012;E;Batiment;HEBERG;12;;;13/03/2012;;;;
3463581;3463581;3463581;POP FTTS ARCUEIL;OR1;OR1;0R21;OCC;MCO;OK;23/01/2012;23/01/2012;E;Batiment;HEBERG;12;;;23/01/2012;;;;
3463690;3463690;3463690;POP FTTS VILLETANEUSE MOUCHERONS;OR1;OR1;0R21;OCC;MCO;OK;17/02/2012;17/02/2012;E;Batiment;HEBERG;12;;;17/02/2012;;;;
3463884;3463884;3463884;NRA SCEAUX ROBINSON;OR19;OR19;0R21;OCC;MCO;OK;10/09/2002;10/09/2002;E;Batiment;NRA;36;;;10/09/2002;;;;
3464111;3464111;3464111;POP BELGACOM AUBERVILLIERS;OR1;OR1;0R21;OCC;MCO;OK;26/12/2001;26/12/2001;E;Batiment;HEBERG;576;;;26/12/2001;;;;
3464140;3464140;3464140;POP FTTS THIAIS HOCHE;OR1;OR1;0R21;OCC;MCO;OK;21/02/2012;21/02/2012;E;Batiment;HEBERG;12;;;21/02/2012;;;;
3464157;3464157;3464157;POP INTERXION 6 IVRY-SUR-SEINE;OR222;OR222;0R21;OCC;MCO;OK;30/06/2009;30/06/2009;E;Batiment;HEBERG;144;;;30/06/2009;;;;
3464180;3464180;3464180;POP FTTS VILLENEUVE LE ROI (HAUT);OR1;OR1;0R21;OCC;MCO;OK;14/03/2012;14/03/2012;E;Batiment;HEBERG;12;;;14/03/2012;;;;
3464190;3464190;3464190;POP FTTS CHOISY LE ROI A86;OR1;OR1;0R21;OCC;MCO;OK;21/02/2012;21/02/2012;E;Batiment;HEBERG;12;;;21/02/2012;;;;
3464194;3464194;3464194;TD_LA COURNEUVE JAURES CLI;OR4;OR4;0R21;OCC;MCO;OK;05/12/2007;05/12/2007;E;Batiment;BRASSAGE;288;;;05/12/2007;;;;
3464195;3464195;3464195;POP FTTS CHOISY LE ROI GARE;OR1;OR1;0R21;OCC;MCO;OK;09/05/2012;09/05/2012;E;Batiment;HEBERG;12;;;09/05/2012;;;;
3464217;3464217;3464217;NRA CHOISY LE ROI;OR19;OR19;0R21;OCC;MCO;OK;06/11/2009;06/11/2009;E;Batiment;NRA;36;;;06/11/2009;;;;
3464235;3464235;3464235;TELCITE MAIRIE DES LILAS;OR4;OR4;0R21;OCC;MCO;OK;14/04/2008;14/04/2008;E;Batiment;BRASSAGE;72;;;14/04/2008;;;;
3464252;3464252;3464252;POP MEDIATION TELECOM MONTREUIL;OR225;OR21;0R21;OCC;MCO;OK;04/10/2004;04/10/2004;E;Batiment;HEBERG;12;;;04/10/2004;;;;
3464284;3464284;3464284;POP FTTS ROMAINVILLE (COLLEGE BAT B);OR1;OR1;0R21;OCC;MCO;OK;20/01/2012;20/01/2012;E;Batiment;HEBERG;12;;;20/01/2012;;;;
3464326;3464326;3464326;POP SFR PTC DRANCY;OR1;OR1;0R21;OCC;MCO;OK;26/11/2009;26/11/2009;E;Batiment;HEBERG;24;;;26/11/2009;;;;
3464358;3464358;3464358;POP FTTS BOBIGNY (PREFECTURE);OR1;OR1;0R21;OCC;MCO;OK;27/02/2012;27/02/2012;E;Batiment;HEBERG;12;;;27/02/2012;;;;
3464390;3464390;3464390;POP FTTS ROMAINVILLE (CARNOT);OR1;OR1;0R21;OCC;MCO;OK;13/02/2012;13/02/2012;E;Batiment;HEBERG;12;;;13/02/2012;;;;
3464411;3464411;3464411;PT ARMOIRE DE BOBIGNY (IRISE);OR21;OR1;0R21;CST;MCO;OK;31/03/2008;31/03/2008;E;Batiment;BRASSAGE;408;;;31/03/2008;;;;
3464421;3464421;3464421;POP THD MAURIAC CRETEIL;OR225;OR1;0R21;OCC;MCO;OK;10/12/2009;10/12/2009;E;SITE CLIENT;NRO;24;;;10/12/2009;;;;
3464430;3464430;3464430;SHELTER ST MAURICE JOINVILLE IRISE;OR1;OR1;0R21;OCC;MCO;OK;12/04/2002;12/04/2002;E;Batiment;HEBERG;336;;;12/04/2002;;;;
3464456;3464456;3464456;POP FTTH LE BLANC-MESNIL;OR1;OR1;0R21;OCC;MCO;OK;09/06/2009;09/06/2009;E;Batiment;NRO;72;;;09/06/2009;;;;
3464459;3464459;3464459;POP CEGETEL VEOLIA JOINVILLE-LE-PONT - BAT A - PIRELLI;OR1;OR1;0R21;OCC;MCO;OK;10/02/2004;10/02/2004;E;Batiment;HEBERG;36;;;10/02/2004;;;;
3464464;3464464;3464464;POP FTTS FONTENAY GARE;OR1;OR1;0R21;OCC;MCO;OK;20/02/2012;20/02/2012;E;Batiment;HEBERG;12;;;20/02/2012;;;;
3464474;3464474;3464474;POP FTTS BOBIGNY (VAILLANT);OR1;OR1;0R21;OCC;MCO;OK;13/06/2012;13/06/2012;E;Batiment;HEBERG;12;;;13/06/2012;;;;
3464485;3464485;3464485;POP FTTS NOISY LE SEC (J.FERRY);OR1;OR1;0R21;OCC;MCO;OK;31/01/2012;31/01/2012;E;Batiment;HEBERG;12;;;31/01/2012;;;;
3464522;3464522;3464522;POP SFR LE THILLAY;OR1;OR1;0R21;OCC;MCO;OK;05/10/2005;05/10/2005;E;Batiment;HEBERG;12;;;05/10/2005;;;;
3464527;3464527;3464527;CAA GRAVELLE ST MAUR;OR19;OR19;0R21;OCC;MCO;OK;25/09/2002;25/09/2002;E;Batiment;NRA;36;;;25/09/2002;;;;
3464544;3464544;3464544;POP ARMOIRE DE RUE 2 ROSNY-SOUS-BOIS;OR225;OR1;0R21;OCC;MCO;OK;06/01/2009;06/01/2009;E;Batiment;HEBERG;98;;;06/01/2009;;;;
3464557;3464557;3464557;POP FTTS CHAMPIGNY (FOURCHETTE);OR1;OR1;0R21;OCC;MCO;OK;02/02/2012;02/02/2012;E;Batiment;HEBERG;12;;;02/02/2012;;;;
3464566;3464566;3464566;POP FTTS NOGENT SUR MARNE (MAIRIE);OR1;OR1;0R21;OCC;MCO;OK;31/01/2012;31/01/2012;E;Batiment;HEBERG;12;;;31/01/2012;;;;
3464571;3464571;3464571;POP FTTS ST MAUR CHERON;OR1;OR1;0R21;OCC;MCO;OK;12/04/2012;12/04/2012;E;Batiment;HEBERG;12;;;12/04/2012;;;;
3464578;3464578;3464578;POP FTTS LE PERREUX (GAL LECLERC);OR1;OR1;0R21;OCC;MCO;OK;21/02/2012;21/02/2012;E;Batiment;HEBERG;12;;;21/02/2012;;;;
3464583;3464583;3464583;POP FTTS LES PAVILLONS SOUS BOIS;OR1;OR1;0R21;OCC;MCO;OK;19/01/2012;19/01/2012;E;Batiment;HEBERG;12;;;19/01/2012;;;;
3464592;3464592;3464592;POP FTTS CHAMPIGNY (CENTRE TECH);OR1;OR1;0R21;OCC;MCO;OK;15/02/2012;15/02/2012;E;Batiment;HEBERG;12;;;15/02/2012;;;;
3464594;3464594;3464594;POP TELCITE BOISSY ST LEGER;OR4;OR4;0R21;OCC;MCO;OK;20/08/2004;20/08/2004;E;Batiment;BRASSAGE;48;;;20/08/2004;;;;
3464600;3464600;3464600;POP FTTS LE PERREUX (PISCINE);OR1;OR1;0R21;OCC;MCO;OK;20/02/2012;20/02/2012;E;Batiment;HEBERG;12;;;20/02/2012;;;;
3464623;3464623;3464623;POP FTTS CHAMPIGNY LES BOULEREAUX;OR1;OR1;0R21;OCC;MCO;OK;06/02/2012;06/02/2012;E;Batiment;HEBERG;12;;;06/02/2012;;;;
3464629;3464629;3464629;POP FTTS SUCY EN BRIE MORBRAS;OR1;OR1;0R21;OCC;MCO;OK;20/02/2012;20/02/2012;E;Batiment;HEBERG;12;;;20/02/2012;;;;
3464661;3464661;3464661;POP FTTS CHENNEVIERES SUR MARNE;OR1;OR1;0R21;OCC;MCO;OK;17/02/2012;17/02/2012;E;Batiment;HEBERG;12;;;17/02/2012;;;;
3464684;3464684;3464684;POP FTTS BRY SUR MARNE (GNAL DE GAULLE);OR1;OR1;0R21;OCC;MCO;OK;07/02/2012;07/02/2012;E;Batiment;HEBERG;12;;;07/02/2012;;;;
3464702;3464702;3464702;POP 9T NOISY LE GRAND;OR1;OR1;0R21;OCC;MCO;OK;16/07/2002;16/07/2002;E;Batiment;HEBERG;288;;;16/07/2002;;;;
3464724;3464724;3464724;POP NOISY SANEF;OR222;OR9;0R21;OCC;MCO;OK;22/08/2002;22/08/2002;E;Batiment;BRASSAGE;72;;;22/08/2002;;;;
3464735;3464735;3464735;URA MONTFERMEIL;OR19;OR19;0R21;OCC;MCO;OK;15/05/2004;15/05/2004;E;Batiment;NRA;36;;;15/05/2004;;;;
3464772;3464772;3464772;URA DESCARTES CHAMPS-SUR-MARNE;OR19;OR19;0R21;OCC;MCO;OK;15/05/2004;15/05/2004;E;Batiment;NRA;36;;;15/05/2004;;;;
3464941;3464941;3464941;POP NUMERICABLE L'HAY-LES-ROSES;OR13;OR13;0R21;OCC;MCO;OK;10/09/2002;10/09/2002;E;Batiment;HEBERG;12;;;10/09/2002;;;;
3465005;3465005;3465005;POP IRISE ESSEN RUNGIS (SILIC);OR1;OR1;0R21;OCC;MCO;OK;12/10/2005;12/10/2005;E;Batiment;HEBERG;216;;;12/10/2005;;;;
3465022;3465022;3465022;POP FTTS PIERREFITTE (BUTTE PINSON);OR1;OR1;0R21;OCC;MCO;OK;22/05/2012;22/05/2012;E;Batiment;HEBERG;12;;;22/05/2012;;;;
3465065;3465065;3465065;TELCITE ORLY PET BRASSAGE;OR4;OR4;0R21;OCC;MCO;OK;28/06/2006;28/06/2006;E;Batiment;BRASSAGE;48;;;28/06/2006;;;;
3465073;3465073;3465073;POP IRISE KREMLIN;OR1;OR1;0R21;OCC;MCO;OK;23/08/2002;23/08/2002;E;Batiment;HEBERG;456;;;23/08/2002;;;;
3465124;3465124;3465124;NRA ST DENIS CPE;OR19;OR19;0R21;OCC;MCO;OK;25/09/2002;25/09/2002;E;Batiment;NRA;36;;;25/09/2002;;;;
3465180;3465180;3465180;POP INTERXION 3 SAINT DENIS;OR225;OR231;0R21;OCC;MCO;OK;21/11/2006;21/11/2006;E;Batiment;HEBERG;648;;;21/11/2006;;;;
3465193;3465193;3465193;POP MCI I DATA CENTER ST DENIS;OR225;OR21;0R21;OCC;MCO;OK;09/12/2003;09/12/2003;E;Batiment;HEBERG;144;;;09/12/2003;;;;
3465270;3465270;3465270;POP FTTS STALINGRAD CHEVILLY LARUE;OR1;OR1;0R21;OCC;MCO;OK;13/03/2012;13/03/2012;E;Batiment;HEBERG;12;;;13/03/2012;;;;
3465322;3465322;3465322;POP INTERXION 2 AUBERVILLERS;OR225;OR231;0R21;OCC;MCO;OK;23/08/2002;23/08/2002;E;Batiment;HEBERG;432;;;23/08/2002;;;;
3465334;3465334;3465334;POP INTERXION 1 AUBERVILLIERS;OR225;OR231;0R21;OCC;MCO;OK;25/09/2001;25/09/2001;E;Batiment;HEBERG;288;;;25/09/2001;;;;
3466471;3466471;3466471;POP SUNGARD LOGNES;OR222;OR222;0R21;OCC;MCO;OK;04/06/2008;04/06/2008;E;Batiment;HEBERG;48;;;04/06/2008;;;;
3466517;3466517;3466517;POP TELCITE TORCY LA V1 ??;OR4;OR4;0R21;OCC;MCO;OK;21/12/2004;21/12/2004;E;Batiment;BRASSAGE;48;;;21/12/2004;;;;
3470920;3470920;3470920;SFR_NOISY LE GRAND (PTC);OR1;OR1;0R21;OCC;MCO;OK;27/01/2011;27/01/2011;E;Batiment;HEBERG;12;;;27/01/2011;;;;
3470951;3470951;3470951;SFR_BLANC MESNIL P.LESCOT (PTC);OR1;OR1;0R21;OCC;MCO;OK;27/01/2011;27/01/2011;E;Batiment;HEBERG;12;;;27/01/2011;;;;
4564161;4564161;4564161;POP FTTS OSNY CENTRE (OSNY);OR1;OR1;0R21;OCC;MCO;OK;03/05/2013;03/05/2013;E;Batiment;HEBERG;12;;;03/05/2013;;;;
4572801;4572801;4572801;POP FTTS OSNY ZAC (OSNY);OR1;OR1;0R21;OCC;MCO;OK;07/05/2013;07/05/2013;E;Batiment;HEBERG;12;;;07/05/2013;;;;
4661121;4661121;4661121;POP FTTS PONTOISE (MARCOUVILLE);OR1;OR1;0R21;OCC;MCO;OK;28/05/2013;28/05/2013;E;Batiment;HEBERG;12;;;28/05/2013;;;;
4931201;4931201;4931201;POP FTTS STAINS (HAMEAU);OR1;OR1;0R21;OCC;MCO;OK;08/07/2013;08/07/2013;E;Batiment;HEBERG;12;;;08/07/2013;;;;
5043553;5043553;5043553;POP FTTS SUCY EN BRIE (BOUTON D'OR);OR1;OR1;0R21;OCC;MCO;OK;25/07/2013;25/07/2013;E;Batiment;HEBERG;36;;;25/07/2013;;;;
5043569;5043569;5043569;POP FTTS CERGY (BASE NAUTIQUE);OR1;OR1;0R21;OCC;MCO;OK;25/07/2013;25/07/2013;E;Batiment;HEBERG;12;;;25/07/2013;;;;
5095041;5095041;5095041;POP FTTS MOZART (JOINVILLE LE PONT);OR1;OR1;0R21;OCC;MCO;OK;13/08/2013;13/08/2013;E;Batiment;HEBERG;36;;;13/08/2013;;;;
5138353;5138353;5138353;POP FTTS ERAGNY (CHENE);OR1;OR1;0R21;OCC;MCO;OK;02/09/2013;02/09/2013;E;Pylone 12 mètres;HEBERG;12;;;02/09/2013;;;;
5143409;5143409;5143409;POP FTTS SAINT OUEN L AUMONE (A15);OR1;OR1;0R21;OCC;MCO;OK;03/09/2013;03/09/2013;E;Pylone 12 mètres;HEBERG;12;;;03/09/2013;;;;
5191362;5191362;5191362;POP FTTS NOISIEL BIS (STADE);OR1;OR1;0R21;OCC;MCO;OK;18/09/2013;18/09/2013;E;Pylone 12 mètres;HEBERG;12;;;18/09/2013;;;;
5295057;5295057;5295057;POP FTTS CHENNEVIERES-MARNE (ZI);OR1;OR1;0R21;OCC;MCO;OK;23/10/2013;23/10/2013;E;Batiment;HEBERG;12;;;23/10/2013;;;;
5376337;5376337;5376337;POP FTTS MIN RUNGIS ROCHELLE;OR1;OR1;0R21;OCC;MCO;OK;19/11/2013;19/11/2013;E;Pylone 12 mètres;HEBERG;12;;;19/11/2013;;;;
5462130;5462130;5462130;POP FTTS ORMESSON SUR MARNE;OR1;OR1;0R21;OCC;MCO;OK;16/12/2013;16/12/2013;E;Pylone 12 mètres;HEBERG;36;;;16/12/2013;;;;
15437633;15437633;15437633;POP MAISON DES NANGUES VILLIERS SUR MARNE;OR279;OR279;0R21;OCC;MCO;OK;23/07/2020;23/07/2020;E;Batiment;NRO;12;;;23/07/2020;;;;
