sf_code;sf_nd_code;sf_ad_code;sf_zp_code;sf_escal;sf_etage;sf_oper;sf_type;sf_prop;sf_resid;sf_local;sf_racco;sf_comment;sf_creadat;sf_majdate;sf_majsrc;sf_abddate;sf_abdsrc
3461304;3461304;3461304;;;;OR21;P;OR225;;LOCAL INFO CLIENT;RA;;10/08/2012;;;;
3461354;3461354;3461354;;;;OR21;P;OR225;;LOCAL INFO CLIENT;RA;;08/04/2010;;;;
3461362;3461362;3461362;;;;OR21;P;OR225;;LOCAL INFO CLIENT;RA;;31/01/2006;;;;
3461417;3461417;3461417;;;;OR21;P;OR225;;LOCAL INFO CLIENT;RA;;04/04/2011;;;;
3461479;3461479;3461479;;;;OR21;P;OR225;;LOCAL INFO CLIENT;RA;;10/02/2009;;;;
3461484;3461484;3461484;;;;OR21;P;OR225;;LOCAL INFO CLIENT;RA;;21/11/2011;;;;
3461504;3461504;3461504;;;;OR21;P;OR225;;LOCAL INFO CLIENT;RA;;04/05/2010;;;;
3461523;3461523;3461523;;;;OR21;P;OR225;;LOCAL INFO CLIENT;RA;;10/07/2008;;;;
3461628;3461628;3461628;;;;OR21;P;OR225;;LOCAL INFO CLIENT;RA;;22/11/2005;;;;
3461647;3461647;3461647;;;;OR21;P;OR225;;LOCAL INFO CLIENT;RA;;29/04/2004;;;;
3461740;3461740;3461740;;;;OR21;P;OR225;;LOCAL INFO CLIENT;RA;;25/05/2004;;;;
3461879;3461879;3461879;;;;OR21;P;OR225;;LOCAL INFO CLIENT;RA;;05/12/2007;;;;
3461972;3461972;3461972;;;;OR21;P;OR225;;LOCAL INFO CLIENT;RA;;16/05/2006;;;;
3462058;3462058;3462058;;;;OR21;P;OR225;;LOCAL INFO CLIENT;RA;;18/09/2007;;;;
3462082;3462082;3462082;;;;OR21;P;OR225;;LOCAL INFO CLIENT;RA;;21/01/2009;;;;
3462460;3462460;3462460;;;;OR21;P;OR225;;LOCAL INFO CLIENT;RA;;26/08/2011;;;;
3462529;3462529;3462529;;;;OR21;P;OR225;;LOCAL INFO CLIENT;RA;;14/11/2011;;;;
3462597;3462597;3462597;;;;OR21;P;OR225;;LOCAL INFO CLIENT;RA;;17/04/2012;;;;
3462687;3462687;3462687;;;;OR21;P;OR225;;LOCAL INFO CLIENT;RA;;26/09/2006;;;;
3462835;3462835;3462835;;;;OR21;P;OR225;;LOCAL INFO CLIENT;RA;;02/06/2010;;;;
3462857;3462857;3462857;;;;OR21;P;OR225;;LOCAL INFO CLIENT;RA;;15/02/2007;;;;
3462865;3462865;3462865;;;;OR21;P;OR225;;LOCAL INFO CLIENT;RA;;12/05/2006;;;;
3462868;3462868;3462868;;;;OR21;P;OR225;;LOCAL INFO CLIENT;RA;;14/04/2004;;;;
3462951;3462951;3462951;;;;OR21;P;OR225;;LOCAL INFO CLIENT;RA;;17/11/2005;;;;
3463026;3463026;3463026;;;;OR21;P;OR225;;LOCAL INFO CLIENT;RA;;17/11/2005;;;;
3463179;3463179;3463179;;;;OR21;P;OR225;;LOCAL INFO CLIENT;RA;;18/01/2006;;;;
3463271;3463271;3463271;;;;OR21;P;OR225;;LOCAL INFO CLIENT;RA;;07/07/2005;;;;
3463311;3463311;3463311;;;;OR21;P;OR225;;LOCAL INFO CLIENT;RA;;04/05/2004;;;;
3463319;3463319;3463319;;;;OR21;P;OR225;;LOCAL INFO CLIENT;RA;;12/10/2005;;;;
3463463;3463463;3463463;;;;OR21;P;OR225;;LOCAL INFO CLIENT;RA;;18/10/2006;;;;
3463469;3463469;3463469;;;;OR21;P;OR225;;LOCAL INFO CLIENT;RA;;02/07/2008;;;;
3463601;3463601;3463601;;;;OR21;P;OR225;;LOCAL INFO CLIENT;RA;;13/10/2010;;;;
3463610;3463610;3463610;;;;OR21;P;OR225;;LOCAL INFO CLIENT;RA;;19/10/2006;;;;
3463627;3463627;3463627;;;;OR21;P;OR225;;LOCAL INFO CLIENT;RA;;01/09/2004;;;;
3463942;3463942;3463942;;;;OR21;P;OR225;;LOCAL INFO CLIENT;RA;;22/11/2005;;;;
3464013;3464013;3464013;;;;OR21;P;OR225;;LOCAL INFO CLIENT;RA;;28/11/2006;;;;
3464035;3464035;3464035;;;;OR21;P;OR225;;LOCAL INFO CLIENT;RA;;04/01/2008;;;;
3464072;3464072;3464072;;;;OR21;P;OR225;;LOCAL INFO CLIENT;RA;;22/02/2012;;;;
3464145;3464145;3464145;;;;OR21;P;OR225;;LOCAL INFO CLIENT;RA;;26/06/2003;;;;
3464201;3464201;3464201;;;;OR21;P;OR225;;LOCAL INFO CLIENT;RA;;12/06/2007;;;;
3464245;3464245;3464245;;;;OR21;P;OR225;;LOCAL INFO CLIENT;RA;;03/01/2008;;;;
3464262;3464262;3464262;;;;OR21;P;OR225;;LOCAL INFO CLIENT;RA;;14/03/2006;;;;
3464319;3464319;3464319;;;;OR21;P;OR225;;LOCAL INFO CLIENT;RA;;16/02/2007;;;;
3464332;3464332;3464332;;;;OR21;P;OR225;;LOCAL INFO CLIENT;RA;;03/11/2006;;;;
3464336;3464336;3464336;;;;OR21;P;OR225;;LOCAL INFO CLIENT;RA;;28/09/2010;;;;
3464356;3464356;3464356;;;;OR21;P;OR225;;LOCAL INFO CLIENT;RA;;03/11/2006;;;;
3464368;3464368;3464368;;;;OR21;P;OR225;;LOCAL INFO CLIENT;RA;;31/03/2008;;;;
3464424;3464424;3464424;;;;OR21;P;OR225;;LOCAL INFO CLIENT;RA;;31/01/2011;;;;
3464426;3464426;3464426;;;;OR21;P;OR225;;LOCAL INFO CLIENT;RA;;21/10/2002;;;;
3464487;3464487;3464487;;;;OR21;P;OR225;;LOCAL INFO CLIENT;RA;;03/11/2006;;;;
3464508;3464508;3464508;;;;OR21;P;OR225;;LOCAL INFO CLIENT;RA;;27/04/2004;;;;
3464513;3464513;3464513;;;;OR21;P;OR225;;LOCAL INFO CLIENT;RA;;03/12/2007;;;;
3464519;3464519;3464519;;;;OR21;P;OR225;;LOCAL INFO CLIENT;RA;;20/05/2005;;;;
3464537;3464537;3464537;;;;OR21;P;OR225;;LOCAL INFO CLIENT;RA;;03/12/2007;;;;
3464565;3464565;3464565;;;;OR21;P;OR225;;LOCAL INFO CLIENT;RA;;11/10/2010;;;;
3464614;3464614;3464614;;;;OR21;P;OR225;;LOCAL INFO CLIENT;RA;;29/04/2004;;;;
3464739;3464739;3464739;;;;OR21;P;OR225;;LOCAL INFO CLIENT;RA;;25/09/2007;;;;
3464750;3464750;3464750;;;;OR21;P;OR225;;LOCAL INFO CLIENT;RA;;16/10/2007;;;;
3464753;3464753;3464753;;;;OR21;P;OR225;;LOCAL INFO CLIENT;RA;;20/05/2005;;;;
3464853;3464853;3464853;;;;OR21;P;OR225;;LOCAL INFO CLIENT;RA;;09/04/2009;;;;
3464859;3464859;3464859;;;;OR21;P;OR225;;LOCAL INFO CLIENT;RA;;28/04/2004;;;;
3464895;3464895;3464895;;;;OR21;P;OR225;;LOCAL INFO CLIENT;RA;;17/01/2006;;;;
3464990;3464990;3464990;;;;OR21;P;OR225;;LOCAL INFO CLIENT;RA;;16/01/2006;;;;
3464995;3464995;3464995;;;;OR21;P;OR225;;LOCAL INFO CLIENT;RA;;06/02/2006;;;;
3465009;3465009;3465009;;;;OR21;P;OR225;;LOCAL INFO CLIENT;RA;;06/02/2006;;;;
3465029;3465029;3465029;;;;OR21;P;OR225;;LOCAL INFO CLIENT;RA;;17/01/2006;;;;
3465067;3465067;3465067;;;;OR21;P;OR225;;LOCAL INFO CLIENT;RA;;17/01/2006;;;;
3465103;3465103;3465103;;;;OR21;P;OR225;;LOCAL INFO CLIENT;RA;;17/07/2009;;;;
3465116;3465116;3465116;;;;OR21;P;OR225;;LOCAL INFO CLIENT;RA;;19/07/2006;;;;
3465142;3465142;3465142;;;;OR21;P;OR225;;LOCAL INFO CLIENT;RA;;14/04/2004;;;;
3465192;3465192;3465192;;;;OR21;P;OR225;;LOCAL INFO CLIENT;RA;;08/07/2008;;;;
3465241;3465241;3465241;;;;OR21;P;OR225;;LOCAL INFO CLIENT;RA;;17/10/2011;;;;
3465344;3465344;3465344;;;;OR21;P;OR225;;LOCAL INFO CLIENT;RA;;03/02/2010;;;;
3823697;3823697;3823697;;;;OR21;P;OR225;;LOCAL INFO CLIENT;RA;;06/12/2012;;;;
4042881;4042881;4042881;;;;OR21;P;OR225;;LOCAL INFO CLIENT;RA;;21/01/2013;;;;
4244801;4244801;4244801;;;;OR21;P;OR225;;LOCAL INFO CLIENT;RA;;04/03/2013;;;;
4408961;4408961;4408961;;;;OR21;P;OR225;;LOCAL INFO CLIENT;RA;;04/04/2013;;;;
4625602;4625602;4625602;;;;OR21;P;OR225;;LOCAL INFO CLIENT;RA;;22/05/2013;;;;
4740481;4740481;4740481;;;;OR21;P;OR225;;LOCAL INFO CLIENT;RA;;10/06/2013;;;;
4742081;4742081;4742081;;;;OR21;P;OR225;;LOCAL INFO CLIENT;RA;;10/06/2013;;;;
4789761;4789761;4789761;;;;OR21;P;OR225;;LOCAL INFO CLIENT;RA;;17/06/2013;;;;
4809601;4809601;4809601;;;;OR21;P;OR225;;LOCAL INFO CLIENT;RA;;19/06/2013;;;;
4916801;4916801;4916801;;;;OR21;P;OR225;;LOCAL INFO CLIENT;RA;;03/07/2013;;;;
5278753;5278753;5278753;;;;OR21;P;OR225;;LOCAL INFO CLIENT;RA;;18/10/2013;;;;
5283521;5283521;5283521;;;;OR21;P;OR225;;LOCAL INFO CLIENT;RA;;21/10/2013;;;;
5304977;5304977;5304977;;;;OR21;P;OR225;;LOCAL INFO CLIENT;RA;;28/10/2013;;;;
5479681;5479681;5479681;;;;OR21;P;OR225;;LOCAL INFO CLIENT;RA;;20/12/2013;;;;
5543057;5543057;5543057;;;;OR21;P;OR225;;LOCAL INFO CLIENT;RA;;16/01/2014;;;;
6556577;6556577;6556577;;;;OR21;P;OR225;;LOCAL INFO CLIENT;RA;;12/01/2015;;;;
7010049;7010049;7010049;;;;OR21;P;OR225;;LOCAL INFO CLIENT;RA;;10/11/2015;;;;
7480177;7480177;7480177;;;;OR21;P;OR225;;LOCAL INFO CLIENT;RA;;02/05/2016;;;;
8450481;8450481;8450481;;;;OR21;P;OR225;;LOCAL INFO CLIENT;RA;;23/01/2017;;;;
8689793;8689793;8689793;;;;OR21;P;OR225;;LOCAL INFO CLIENT;RA;;09/03/2017;;;;
9635175;9635175;9635175;;;;OR21;P;OR225;;LOCAL INFO CLIENT;RA;;06/11/2017;;;;
10740035;10740035;10740035;;;;OR21;P;OR225;;LOCAL INFO CLIENT;RA;;11/10/2018;;;;
11083076;11083076;11083076;;;;OR21;P;OR225;;LOCAL INFO CLIENT;RA;;24/12/2018;;;;
11693021;11693021;11693021;;;;OR21;P;OR225;;LOCAL INFO CLIENT;RA;;24/04/2019;;;;
11693022;11693022;11693022;;;;OR21;P;OR225;;LOCAL INFO CLIENT;RA;;24/04/2019;;;;
11768193;11768193;11768193;;;;OR21;P;OR225;;LOCAL INFO CLIENT;RA;;07/05/2019;;;;
12333333;12333333;12333333;;;;OR21;P;OR225;;LOCAL INFO CLIENT;RA;;30/07/2019;;;;
12671554;12671554;12671554;;;;OR21;P;OR225;;LOCAL INFO CLIENT;RA;;16/09/2019;;;;
13212748;13212748;13212748;;;;OR21;P;OR225;;LOCAL INFO CLIENT;RA;;19/11/2019;;;;
13324363;13324363;13324363;;;;OR21;P;OR225;;LOCAL INFO CLIENT;RA;;28/11/2019;;;;
13383233;13383233;13383233;;;;OR21;P;OR225;;LOCAL INFO CLIENT;RA;;05/12/2019;;;;
14008208;14008208;14008208;;;;OR21;P;OR225;;LOCAL INFO CLIENT;RA;;21/02/2020;;;;
14063556;14063556;14063556;;;;OR21;P;OR225;;LOCAL INFO CLIENT;RA;;27/02/2020;;;;
15302914;15302914;15302914;;;;OR21;P;OR225;;LOCAL INFO CLIENT;RA;;10/07/2020;;;;
15302916;15302916;15302916;;;;OR21;P;OR225;;LOCAL INFO CLIENT;RA;;10/07/2020;;;;
15412036;15412036;15412036;;;;OR21;P;OR225;;LOCAL INFO CLIENT;RA;;22/07/2020;;;;
16140689;16140689;16140689;;;;OR21;P;OR225;;LOCAL INFO CLIENT;RA;;28/09/2020;;;;
16157651;16157651;16157651;;;;OR21;P;OR225;;LOCAL INFO CLIENT;RA;;29/09/2020;;;;
16157730;16157730;16157730;;;;OR21;P;OR225;;LOCAL INFO CLIENT;RA;;29/09/2020;;;;
16167895;16167895;16167895;;;;OR21;P;OR225;;LOCAL INFO CLIENT;RA;;30/09/2020;;;;
16167896;16167896;16167896;;;;OR21;P;OR225;;LOCAL INFO CLIENT;RA;;30/09/2020;;;;
16174609;16174609;16174609;;;;OR21;P;OR225;;LOCAL INFO CLIENT;RA;;30/09/2020;;;;
16195089;16195089;16195089;;;;OR21;P;OR225;;LOCAL INFO CLIENT;RA;;02/10/2020;;;;
16195090;16195090;16195090;;;;OR21;P;OR225;;LOCAL INFO CLIENT;RA;;02/10/2020;;;;
16212049;16212049;16212049;;;;OR21;P;OR225;;LOCAL INFO CLIENT;RA;;05/10/2020;;;;
16214946;16214946;16214946;;;;OR21;P;OR225;;LOCAL INFO CLIENT;RA;;05/10/2020;;;;
16218129;16218129;16218129;;;;OR21;P;OR225;;LOCAL INFO CLIENT;RA;;05/10/2020;;;;
16979122;16979122;16979122;;;;OR21;P;OR225;;LOCAL INFO CLIENT;RA;;16/12/2020;;;;
17435775;17435775;17435775;;;;OR21;P;OR225;;LOCAL INFO CLIENT;RA;;08/02/2021;;;;
19364722;19364722;19364722;;;;OR21;P;OR225;;LOCAL INFO CLIENT;RA;;02/08/2021;;;;
19619777;19619777;19619777;;;;OR21;P;OR225;;LOCAL INFO CLIENT;RA;;27/08/2021;;;;
19677044;19677044;19677044;;;;OR21;P;OR225;;LOCAL INFO CLIENT;RA;;02/09/2021;;;;
19702642;19702642;19702642;;;;OR21;P;OR225;;LOCAL INFO CLIENT;RA;;06/09/2021;;;;
21922485;21922485;21922485;;;;OR21;P;OR225;;LOCAL INFO CLIENT;RA;;19/01/2022;;;;
21992256;21992256;21992256;;;;OR21;P;OR225;;LOCAL INFO CLIENT;RA;;25/01/2022;;;;
24116109;24116109;24116109;;;;OR21;P;OR225;;LOCAL INFO CLIENT;RA;;07/07/2022;;;;
24548722;24548722;24548722;;;;OR21;P;OR225;;LOCAL INFO CLIENT;RA;;17/08/2022;;;;
24586161;24586161;24586161;;;;OR21;P;OR225;;LOCAL INFO CLIENT;RA;;22/08/2022;;;;
24671281;24671281;24671281;;;;OR21;P;OR225;;LOCAL INFO CLIENT;RA;;30/08/2022;;;;
24703282;24703282;24703282;;;;OR21;P;OR225;;LOCAL INFO CLIENT;RA;;01/09/2022;;;;
24706161;24706161;24706161;;;;OR21;P;OR225;;LOCAL INFO CLIENT;RA;;01/09/2022;;;;
26229068;26229068;26229068;;;;OR21;P;OR225;;LOCAL INFO CLIENT;RA;;29/12/2022;;;;
29747762;29747762;29747762;;;;OR21;P;OR225;;LOCAL INFO CLIENT;RA;;28/09/2023;;;;
29832881;29832881;29832881;;;;OR21;P;OR225;;LOCAL INFO CLIENT;RA;;09/10/2023;;;;
29923441;29923441;29923441;;;;OR21;P;OR225;;LOCAL INFO CLIENT;RA;;17/10/2023;;;;
30093689;30093689;30093689;;;;OR21;P;OR225;;LOCAL INFO CLIENT;RA;;03/11/2023;;;;
30617851;30617851;30617851;;;;OR21;P;OR225;;LOCAL INFO CLIENT;RA;;23/12/2023;;;;
31946161;31946161;31946161;;;;OR21;P;OR225;;LOCAL INFO CLIENT;RA;;29/05/2024;;;;
3461398;3461398;3461398;;;;OR21;P;OR225;;LOCAL INFO CLIENT;RA;;09/09/2002;;;;
3461685;3461685;3461685;;;;OR21;P;OR225;;LOCAL INFO CLIENT;RA;;30/01/2008;;;;
3461687;3461687;3461687;;;;OR21;P;OR225;;LOCAL INFO CLIENT;RA;;17/02/2012;;;;
3461727;3461727;3461727;;;;OR21;P;OR225;;LOCAL INFO CLIENT;RA;;09/03/2009;;;;
3461744;3461744;3461744;;;;OR21;P;OR225;;LOCAL INFO CLIENT;RA;;04/05/2005;;;;
3461858;3461858;3461858;;;;OR21;P;OR225;;LOCAL INFO CLIENT;RA;;11/09/2002;;;;
3461951;3461951;3461951;;;;OR21;P;OR225;;LOCAL INFO CLIENT;RA;;24/10/2005;;;;
3462463;3462463;3462463;;;;OR21;P;OR225;;LOCAL INFO CLIENT;RA;;29/03/2010;;;;
3462936;3462936;3462936;;;;OR21;P;OR225;;LOCAL INFO CLIENT;RA;;17/11/2005;;;;
3463075;3463075;3463075;;;;OR21;P;OR225;;LOCAL INFO CLIENT;RA;;20/03/2007;;;;
3463105;3463105;3463105;;;;OR21;P;OR225;;LOCAL INFO CLIENT;RA;;14/02/2008;;;;
3463183;3463183;3463183;;;;OR21;P;OR225;;LOCAL INFO CLIENT;RA;;08/08/2003;;;;
3463223;3463223;3463223;;;;OR21;P;OR225;;LOCAL INFO CLIENT;RA;;26/01/2011;;;;
3463251;3463251;3463251;;;;OR21;P;OR225;;LOCAL INFO CLIENT;RA;;26/01/2011;;;;
3463265;3463265;3463265;;;;OR21;P;OR225;;LOCAL INFO CLIENT;RA;;04/05/2004;;;;
3463275;3463275;3463275;;;;OR21;P;OR225;;LOCAL INFO CLIENT;RA;;07/07/2005;;;;
3463317;3463317;3463317;;;;OR21;P;OR225;;LOCAL INFO CLIENT;RA;;07/07/2005;;;;
3463320;3463320;3463320;;;;OR21;P;OR225;;LOCAL INFO CLIENT;RA;;07/07/2005;;;;
3463401;3463401;3463401;;;;OR21;P;OR225;;LOCAL INFO CLIENT;RA;;06/10/2010;;;;
3463416;3463416;3463416;;;;OR21;P;OR225;;LOCAL INFO CLIENT;RA;;09/04/2009;;;;
3463461;3463461;3463461;;;;OR21;P;OR225;;LOCAL INFO CLIENT;RA;;27/01/2003;;;;
3463488;3463488;3463488;;;;OR21;P;OR225;;LOCAL INFO CLIENT;RA;;18/11/2010;;;;
3463686;3463686;3463686;;;;OR21;P;OR225;;LOCAL INFO CLIENT;RA;;30/03/2011;;;;
3463707;3463707;3463707;;;;OR21;P;OR225;;LOCAL INFO CLIENT;RA;;23/08/2004;;;;
3464131;3464131;3464131;;;;OR21;P;OR225;;LOCAL INFO CLIENT;RA;;25/05/2007;;;;
3464147;3464147;3464147;;;;OR21;P;OR225;;LOCAL INFO CLIENT;RA;;25/03/2010;;;;
3464168;3464168;3464168;;;;OR21;P;OR225;;LOCAL INFO CLIENT;RA;;22/10/2007;;;;
3464239;3464239;3464239;;;;OR21;P;OR225;;LOCAL INFO CLIENT;RA;;16/10/2007;;;;
3464269;3464269;3464269;;;;OR21;P;OR225;;LOCAL INFO CLIENT;RA;;14/04/2004;;;;
3464311;3464311;3464311;;;;OR21;P;OR225;;LOCAL INFO CLIENT;RA;;03/11/2006;;;;
3464333;3464333;3464333;;;;OR21;P;OR225;;LOCAL INFO CLIENT;RA;;30/10/2008;;;;
3464346;3464346;3464346;;;;OR21;P;OR225;;LOCAL INFO CLIENT;RA;;31/10/2006;;;;
3464351;3464351;3464351;;;;OR21;P;OR225;;LOCAL INFO CLIENT;RA;;15/09/2011;;;;
3464382;3464382;3464382;;;;OR21;P;OR225;;LOCAL INFO CLIENT;RA;;01/06/2011;;;;
3464384;3464384;3464384;;;;OR21;P;OR225;;LOCAL INFO CLIENT;RA;;11/06/2008;;;;
3464385;3464385;3464385;;;;OR21;P;OR225;;LOCAL INFO CLIENT;RA;;26/11/2003;;;;
3464403;3464403;3464403;;;;OR21;P;OR225;;LOCAL INFO CLIENT;RA;;27/05/2004;;;;
3464434;3464434;3464434;;;;OR21;P;OR225;;LOCAL INFO CLIENT;RA;;30/10/2008;;;;
3464463;3464463;3464463;;;;OR21;P;OR225;;LOCAL INFO CLIENT;RA;;20/07/2006;;;;
3464553;3464553;3464553;;;;OR21;P;OR225;;LOCAL INFO CLIENT;RA;;03/07/2004;;;;
3464555;3464555;3464555;;;;OR21;P;OR225;;LOCAL INFO CLIENT;RA;;29/07/2005;;;;
3464626;3464626;3464626;;;;OR21;P;OR225;;LOCAL INFO CLIENT;RA;;09/12/2004;;;;
3464881;3464881;3464881;;;;OR21;P;OR225;;LOCAL INFO CLIENT;RA;;21/03/2005;;;;
3464896;3464896;3464896;;;;OR21;P;OR225;;LOCAL INFO CLIENT;RA;;16/01/2006;;;;
3464968;3464968;3464968;;;;OR21;P;OR225;;LOCAL INFO CLIENT;RA;;16/01/2006;;;;
3464974;3464974;3464974;;;;OR21;P;OR225;;LOCAL INFO CLIENT;RA;;16/01/2006;;;;
3464975;3464975;3464975;;;;OR21;P;OR225;;LOCAL INFO CLIENT;RA;;19/12/2007;;;;
3464988;3464988;3464988;;;;OR21;P;OR225;;LOCAL INFO CLIENT;RA;;06/02/2006;;;;
3464994;3464994;3464994;;;;OR21;P;OR225;;LOCAL INFO CLIENT;RA;;17/01/2006;;;;
3465006;3465006;3465006;;;;OR21;P;OR225;;LOCAL INFO CLIENT;RA;;06/02/2006;;;;
3465036;3465036;3465036;;;;OR21;P;OR225;;LOCAL INFO CLIENT;RA;;12/04/2005;;;;
3465054;3465054;3465054;;;;OR21;P;OR225;;LOCAL INFO CLIENT;RA;;29/08/2011;;;;
3465094;3465094;3465094;;;;OR21;P;OR225;;LOCAL INFO CLIENT;RA;;24/11/2003;;;;
3465106;3465106;3465106;;;;OR21;P;OR225;;LOCAL INFO CLIENT;RA;;12/07/2010;;;;
3465112;3465112;3465112;;;;OR21;P;OR225;;LOCAL INFO CLIENT;RA;;27/01/2006;;;;
3465118;3465118;3465118;;;;OR21;P;OR225;;LOCAL INFO CLIENT;RA;;21/03/2005;;;;
3465137;3465137;3465137;;;;OR21;P;OR225;;LOCAL INFO CLIENT;RA;;27/06/2006;;;;
3465183;3465183;3465183;;;;OR21;P;OR225;;LOCAL INFO CLIENT;RA;;11/02/2003;;;;
3465196;3465196;3465196;;;;OR21;P;OR225;;LOCAL INFO CLIENT;RA;;28/07/2005;;;;
3465198;3465198;3465198;;;;OR21;P;OR225;;LOCAL INFO CLIENT;RA;;18/11/2002;;;;
3465239;3465239;3465239;;;;OR21;P;OR225;;LOCAL INFO CLIENT;RA;;21/03/2005;;;;
3466432;3466432;3466432;;;;OR21;P;OR225;;LOCAL INFO CLIENT;RA;;15/07/2004;;;;
3466508;3466508;3466508;;;;OR21;P;OR225;;LOCAL INFO CLIENT;RA;;20/10/2004;;;;
4597121;4597121;4597121;;;;OR21;P;OR225;;LOCAL INFO CLIENT;RA;;15/05/2013;;;;
4652177;4652177;4652177;;;;OR21;P;OR225;;LOCAL INFO CLIENT;RA;;27/05/2013;;;;
5118145;5118145;5118145;;;;OR21;P;OR225;;LOCAL INFO CLIENT;RA;;26/08/2013;;;;
5854129;5854129;5854129;;;;OR21;P;OR225;;LOCAL INFO CLIENT;RA;;16/04/2014;;;;
6313314;6313314;6313314;;;;OR21;P;OR225;;LOCAL INFO CLIENT;RA;;24/09/2014;;;;
6327042;6327042;6327042;;;;OR21;P;OR225;;LOCAL INFO CLIENT;RA;;30/09/2014;;;;
7481745;7481745;7481745;;;;OR21;P;OR225;;LOCAL INFO CLIENT;RA;;02/05/2016;;;;
8596353;8596353;8596353;;;;OR21;P;OR225;;LOCAL INFO CLIENT;RA;;20/02/2017;;;;
8600529;8600529;8600529;;;;OR21;P;OR225;;LOCAL INFO CLIENT;RA;;21/02/2017;;;;
8665169;8665169;8665169;;;;OR21;P;OR225;;LOCAL INFO CLIENT;RA;;06/03/2017;;;;
10148066;10148066;10148066;;;;OR21;P;OR225;;LOCAL INFO CLIENT;RA;;04/04/2018;;;;
10637660;10637660;10637660;;;;OR21;P;OR225;;LOCAL INFO CLIENT;RA;;18/09/2018;;;;
10740034;10740034;10740034;;;;OR21;P;OR225;;LOCAL INFO CLIENT;RA;;11/10/2018;;;;
11778449;11778449;11778449;;;;OR21;P;OR225;;LOCAL INFO CLIENT;RA;;09/05/2019;;;;
12701043;12701043;12701043;;;;OR21;P;OR225;;LOCAL INFO CLIENT;RA;;19/09/2019;;;;
13383234;13383234;13383234;;;;OR21;P;OR225;;LOCAL INFO CLIENT;RA;;05/12/2019;;;;
13898179;13898179;13898179;;;;OR21;P;OR225;;LOCAL INFO CLIENT;RA;;10/02/2020;;;;
13900676;13900676;13900676;;;;OR21;P;OR225;;LOCAL INFO CLIENT;RA;;10/02/2020;;;;
14976201;14976201;14976201;;;;OR21;P;OR225;;LOCAL INFO CLIENT;RA;;11/06/2020;;;;
15303250;15303250;15303250;;;;OR21;P;OR225;;LOCAL INFO CLIENT;RA;;10/07/2020;;;;
15435425;15435425;15435425;;;;OR21;P;OR225;;LOCAL INFO CLIENT;RA;;23/07/2020;;;;
15444033;15444033;15444033;;;;OR21;P;OR225;;LOCAL INFO CLIENT;RA;;24/07/2020;;;;
16025795;16025795;16025795;;;;OR21;P;OR225;;LOCAL INFO CLIENT;RA;;18/09/2020;;;;
16156053;16156053;16156053;;;;OR21;P;OR225;;LOCAL INFO CLIENT;RA;;29/09/2020;;;;
16157729;16157729;16157729;;;;OR21;P;OR225;;LOCAL INFO CLIENT;RA;;29/09/2020;;;;
16162450;16162450;16162450;;;;OR21;P;OR225;;LOCAL INFO CLIENT;RA;;29/09/2020;;;;
16185169;16185169;16185169;;;;OR21;P;OR225;;LOCAL INFO CLIENT;RA;;01/10/2020;;;;
16186129;16186129;16186129;;;;OR21;P;OR225;;LOCAL INFO CLIENT;RA;;01/10/2020;;;;
16195091;16195091;16195091;;;;OR21;P;OR225;;LOCAL INFO CLIENT;RA;;02/10/2020;;;;
16195094;16195094;16195094;;;;OR21;P;OR225;;LOCAL INFO CLIENT;RA;;02/10/2020;;;;
16235121;16235121;16235121;;;;OR21;P;OR225;;LOCAL INFO CLIENT;RA;;06/10/2020;;;;
16235122;16235122;16235122;;;;OR21;P;OR225;;LOCAL INFO CLIENT;RA;;06/10/2020;;;;
16255592;16255592;16255592;;;;OR21;P;OR225;;LOCAL INFO CLIENT;RA;;08/10/2020;;;;
19277681;19277681;19277681;;;;OR21;P;OR225;;LOCAL INFO CLIENT;RA;;26/07/2021;;;;
19705842;19705842;19705842;;;;OR21;P;OR225;;LOCAL INFO CLIENT;RA;;06/09/2021;;;;
22122801;22122801;22122801;;;;OR21;P;OR225;;LOCAL INFO CLIENT;RA;;07/02/2022;;;;
22135602;22135602;22135602;;;;OR21;P;OR225;;LOCAL INFO CLIENT;RA;;08/02/2022;;;;
22231281;22231281;22231281;;;;OR21;P;OR225;;LOCAL INFO CLIENT;RA;;16/02/2022;;;;
24451450;24451450;24451450;;;;OR21;P;OR225;;LOCAL INFO CLIENT;RA;;09/08/2022;;;;
24548723;24548723;24548723;;;;OR21;P;OR225;;LOCAL INFO CLIENT;RA;;17/08/2022;;;;
24607921;24607921;24607921;;;;OR21;P;OR225;;LOCAL INFO CLIENT;RA;;24/08/2022;;;;
24626483;24626483;24626483;;;;OR21;P;OR225;;LOCAL INFO CLIENT;RA;;25/08/2022;;;;
24626485;24626485;24626485;;;;OR21;P;OR225;;LOCAL INFO CLIENT;RA;;25/08/2022;;;;
24660082;24660082;24660082;;;;OR21;P;OR225;;LOCAL INFO CLIENT;RA;;29/08/2022;;;;
24660084;24660084;24660084;;;;OR21;P;OR225;;LOCAL INFO CLIENT;RA;;29/08/2022;;;;
24693041;24693041;24693041;;;;OR21;P;OR225;;LOCAL INFO CLIENT;RA;;01/09/2022;;;;
24747763;24747763;24747763;;;;OR21;P;OR225;;LOCAL INFO CLIENT;RA;;05/09/2022;;;;
26641528;26641528;26641528;;;;OR21;P;OR225;;LOCAL INFO CLIENT;RA;;25/01/2023;;;;
29246001;29246001;29246001;;;;OR21;P;OR225;;LOCAL INFO CLIENT;RA;;11/08/2023;;;;
29810499;29810499;29810499;;;;OR21;P;OR225;;LOCAL INFO CLIENT;RA;;05/10/2023;;;;
31532083;31532083;31532083;;;;OR21;P;OR225;;LOCAL INFO CLIENT;RA;;15/04/2024;;;;
3461569;3461569;3461569;;;;OR21;P;OR225;;LOCAL INFO CLIENT;RA;;04/05/2010;;;;
3461676;3461676;3461676;;;;OR21;P;OR225;;LOCAL INFO CLIENT;RA;;23/06/2006;;;;
3461805;3461805;3461805;;;;OR21;P;OR225;;LOCAL INFO CLIENT;RA;;25/06/2008;;;;
3461810;3461810;3461810;;;;OR21;P;OR225;;LOCAL INFO CLIENT;RA;;28/01/2005;;;;
3461846;3461846;3461846;;;;OR21;P;OR225;;LOCAL INFO CLIENT;RA;;19/04/2004;;;;
3461922;3461922;3461922;;;;OR21;P;OR225;;LOCAL INFO CLIENT;RA;;12/01/2009;;;;
3461959;3461959;3461959;;;;OR21;P;OR225;;LOCAL INFO CLIENT;RA;;24/10/2005;;;;
3462517;3462517;3462517;;;;OR21;P;OR225;;LOCAL INFO CLIENT;RA;;19/07/2012;;;;
3462736;3462736;3462736;;;;OR21;P;OR225;;LOCAL INFO CLIENT;RA;;31/03/2005;;;;
3462845;3462845;3462845;;;;OR21;P;OR225;;LOCAL INFO CLIENT;RA;;21/04/2006;;;;
3463008;3463008;3463008;;;;OR21;P;OR225;;LOCAL INFO CLIENT;RA;;17/11/2005;;;;
3463110;3463110;3463110;;;;OR21;P;OR225;;LOCAL INFO CLIENT;RA;;18/01/2006;;;;
3463187;3463187;3463187;;;;OR21;P;OR225;;LOCAL INFO CLIENT;RA;;03/10/2005;;;;
3463198;3463198;3463198;;;;OR21;P;OR225;;LOCAL INFO CLIENT;RA;;07/07/2005;;;;
3463199;3463199;3463199;;;;OR21;P;OR225;;LOCAL INFO CLIENT;RA;;03/10/2005;;;;
3463210;3463210;3463210;;;;OR21;P;OR225;;LOCAL INFO CLIENT;RA;;03/10/2005;;;;
3463241;3463241;3463241;;;;OR21;P;OR225;;LOCAL INFO CLIENT;RA;;13/12/2002;;;;
3463259;3463259;3463259;;;;OR21;P;OR225;;LOCAL INFO CLIENT;RA;;10/05/2011;;;;
3463261;3463261;3463261;;;;OR21;P;OR225;;LOCAL INFO CLIENT;RA;;03/08/2005;;;;
3463340;3463340;3463340;;;;OR21;P;OR225;;LOCAL INFO CLIENT;RA;;03/08/2005;;;;
3463432;3463432;3463432;;;;OR21;P;OR225;;LOCAL INFO CLIENT;RA;;18/10/2006;;;;
3463496;3463496;3463496;;;;OR21;P;OR225;;LOCAL INFO CLIENT;RA;;18/11/2010;;;;
3463547;3463547;3463547;;;;OR21;P;OR225;;LOCAL INFO CLIENT;RA;;27/02/2007;;;;
3463559;3463559;3463559;;;;OR21;P;OR225;;LOCAL INFO CLIENT;RA;;15/02/2007;;;;
3463697;3463697;3463697;;;;OR21;P;OR225;;LOCAL INFO CLIENT;RA;;08/04/2009;;;;
3463998;3463998;3463998;;;;OR21;P;OR225;;LOCAL INFO CLIENT;RA;;14/12/2004;;;;
3463999;3463999;3463999;;;;OR21;P;OR225;;LOCAL INFO CLIENT;RA;;16/06/2004;;;;
3464066;3464066;3464066;;;;OR21;P;OR225;;LOCAL INFO CLIENT;RA;;21/04/2008;;;;
3464139;3464139;3464139;;;;OR21;P;OR225;;LOCAL INFO CLIENT;RA;;28/08/2007;;;;
3464193;3464193;3464193;;;;OR21;P;OR225;;LOCAL INFO CLIENT;RA;;01/04/2011;;;;
3464214;3464214;3464214;;;;OR21;P;OR225;;LOCAL INFO CLIENT;RA;;19/01/2007;;;;
3464244;3464244;3464244;;;;OR21;P;OR225;;LOCAL INFO CLIENT;RA;;06/01/2003;;;;
3464299;3464299;3464299;;;;OR21;P;OR225;;LOCAL INFO CLIENT;RA;;20/03/2008;;;;
3464312;3464312;3464312;;;;OR21;P;OR225;;LOCAL INFO CLIENT;RA;;20/03/2008;;;;
3464325;3464325;3464325;;;;OR21;P;OR225;;LOCAL INFO CLIENT;RA;;28/04/2004;;;;
3464337;3464337;3464337;;;;OR21;P;OR225;;LOCAL INFO CLIENT;RA;;16/02/2010;;;;
3464353;3464353;3464353;;;;OR21;P;OR225;;LOCAL INFO CLIENT;RA;;08/01/2003;;;;
3464409;3464409;3464409;;;;OR21;P;OR225;;LOCAL INFO CLIENT;RA;;26/02/2007;;;;
3464450;3464450;3464450;;;;OR21;P;OR225;;LOCAL INFO CLIENT;RA;;31/01/2011;;;;
3464454;3464454;3464454;;;;OR21;P;OR225;;LOCAL INFO CLIENT;RA;;26/02/2007;;;;
3464525;3464525;3464525;;;;OR21;P;OR225;;LOCAL INFO CLIENT;RA;;03/07/2004;;;;
3464530;3464530;3464530;;;;OR21;P;OR225;;LOCAL INFO CLIENT;RA;;06/01/2009;;;;
3464554;3464554;3464554;;;;OR21;P;OR225;;LOCAL INFO CLIENT;RA;;14/04/2004;;;;
3464816;3464816;3464816;;;;OR21;P;OR225;;LOCAL INFO CLIENT;RA;;09/05/2005;;;;
3464848;3464848;3464848;;;;OR21;P;OR225;;LOCAL INFO CLIENT;RA;;09/04/2009;;;;
3464858;3464858;3464858;;;;OR21;P;OR225;;LOCAL INFO CLIENT;RA;;18/04/2007;;;;
3464898;3464898;3464898;;;;OR21;P;OR225;;LOCAL INFO CLIENT;RA;;16/01/2006;;;;
3464937;3464937;3464937;;;;OR21;P;OR225;;LOCAL INFO CLIENT;RA;;16/01/2006;;;;
3464938;3464938;3464938;;;;OR21;P;OR225;;LOCAL INFO CLIENT;RA;;14/04/2004;;;;
3465088;3465088;3465088;;;;OR21;P;OR225;;LOCAL INFO CLIENT;RA;;08/12/2003;;;;
3465127;3465127;3465127;;;;OR21;P;OR225;;LOCAL INFO CLIENT;RA;;21/03/2005;;;;
3465140;3465140;3465140;;;;OR21;P;OR225;;LOCAL INFO CLIENT;RA;;21/03/2005;;;;
3465160;3465160;3465160;;;;OR21;P;OR225;;LOCAL INFO CLIENT;RA;;25/05/2005;;;;
3465221;3465221;3465221;;;;OR21;P;OR225;;LOCAL INFO CLIENT;RA;;21/07/2009;;;;
3465236;3465236;3465236;;;;OR21;P;OR225;;LOCAL INFO CLIENT;RA;;28/07/2005;;;;
3465251;3465251;3465251;;;;OR21;P;OR225;;LOCAL INFO CLIENT;RA;;28/07/2005;;;;
3489281;3489281;3489281;;;;OR21;P;OR225;;LOCAL INFO CLIENT;RA;;20/09/2012;;;;
3537297;3537297;3537297;;;;OR21;P;OR225;;LOCAL INFO CLIENT;RA;;03/10/2012;;;;
4432003;4432003;4432003;;;;OR21;P;OR225;;LOCAL INFO CLIENT;RA;;09/04/2013;;;;
4477761;4477761;4477761;;;;OR21;P;OR225;;LOCAL INFO CLIENT;RA;;16/04/2013;;;;
4622737;4622737;4622737;;;;OR21;P;OR225;;LOCAL INFO CLIENT;RA;;21/05/2013;;;;
4693793;4693793;4693793;;;;OR21;P;OR225;;LOCAL INFO CLIENT;RA;;31/05/2013;;;;
4781761;4781761;4781761;;;;OR21;P;OR225;;LOCAL INFO CLIENT;RA;;17/06/2013;;;;
5230433;5230433;5230433;;;;OR21;P;OR225;;LOCAL INFO CLIENT;RA;;03/10/2013;;;;
5393601;5393601;5393601;;;;OR21;P;OR225;;LOCAL INFO CLIENT;RA;;25/11/2013;;;;
5884289;5884289;5884289;;;;OR21;P;OR225;;LOCAL INFO CLIENT;RA;;28/04/2014;;;;
5991105;5991105;5991105;;;;OR21;P;OR225;;LOCAL INFO CLIENT;RA;;03/06/2014;;;;
6399137;6399137;6399137;;;;OR21;P;OR225;;LOCAL INFO CLIENT;RA;;23/10/2014;;;;
6466657;6466657;6466657;;;;OR21;P;OR225;;LOCAL INFO CLIENT;RA;;19/11/2014;;;;
7732945;7732945;7732945;;;;OR21;P;OR225;;LOCAL INFO CLIENT;RA;;01/08/2016;;;;
8397393;8397393;8397393;;;;OR21;P;OR225;;LOCAL INFO CLIENT;RA;;11/01/2017;;;;
11145817;11145817;11145817;;;;OR21;P;OR225;;LOCAL INFO CLIENT;RA;;10/01/2019;;;;
11339728;11339728;11339728;;;;OR21;P;OR225;;LOCAL INFO CLIENT;RA;;22/02/2019;;;;
12346434;12346434;12346434;;;;OR21;P;OR225;;LOCAL INFO CLIENT;RA;;31/07/2019;;;;
12359279;12359279;12359279;;;;OR21;P;OR225;;LOCAL INFO CLIENT;RA;;02/08/2019;;;;
12370115;12370115;12370115;;;;OR21;P;OR225;;LOCAL INFO CLIENT;RA;;05/08/2019;;;;
14572033;14572033;14572033;;;;OR21;P;OR225;;LOCAL INFO CLIENT;RA;;30/04/2020;;;;
14976200;14976200;14976200;;;;OR21;P;OR225;;LOCAL INFO CLIENT;RA;;11/06/2020;;;;
15311558;15311558;15311558;;;;OR21;P;OR225;;LOCAL INFO CLIENT;RA;;10/07/2020;;;;
15447233;15447233;15447233;;;;OR21;P;OR225;;LOCAL INFO CLIENT;RA;;24/07/2020;;;;
15454594;15454594;15454594;;;;OR21;P;OR225;;LOCAL INFO CLIENT;RA;;25/07/2020;;;;
16023873;16023873;16023873;;;;OR21;P;OR225;;LOCAL INFO CLIENT;RA;;18/09/2020;;;;
16136535;16136535;16136535;;;;OR21;P;OR225;;LOCAL INFO CLIENT;RA;;29/09/2020;;;;
16156051;16156051;16156051;;;;OR21;P;OR225;;LOCAL INFO CLIENT;RA;;29/09/2020;;;;
16188370;16188370;16188370;;;;OR21;P;OR225;;LOCAL INFO CLIENT;RA;;01/10/2020;;;;
16231571;16231571;16231571;;;;OR21;P;OR225;;LOCAL INFO CLIENT;RA;;06/10/2020;;;;
16231889;16231889;16231889;;;;OR21;P;OR225;;LOCAL INFO CLIENT;RA;;06/10/2020;;;;
16254643;16254643;16254643;;;;OR21;P;OR225;;LOCAL INFO CLIENT;RA;;08/10/2020;;;;
16357029;16357029;16357029;;;;OR21;P;OR225;;LOCAL INFO CLIENT;RA;;19/10/2020;;;;
18353205;18353205;18353205;;;;OR21;P;OR225;;LOCAL INFO CLIENT;RA;;07/05/2021;;;;
18421361;18421361;18421361;;;;OR21;P;OR225;;LOCAL INFO CLIENT;RA;;16/05/2021;;;;
19268730;19268730;19268730;;;;OR21;P;OR225;;LOCAL INFO CLIENT;RA;;26/07/2021;;;;
19268731;19268731;19268731;;;;OR21;P;OR225;;LOCAL INFO CLIENT;RA;;26/07/2021;;;;
19370482;19370482;19370482;;;;OR21;P;OR225;;LOCAL INFO CLIENT;RA;;03/08/2021;;;;
19596081;19596081;19596081;;;;OR21;P;OR225;;LOCAL INFO CLIENT;RA;;26/08/2021;;;;
19616881;19616881;19616881;;;;OR21;P;OR225;;LOCAL INFO CLIENT;RA;;27/08/2021;;;;
19658808;19658808;19658808;;;;OR21;P;OR225;;LOCAL INFO CLIENT;RA;;31/08/2021;;;;
19700083;19700083;19700083;;;;OR21;P;OR225;;LOCAL INFO CLIENT;RA;;06/09/2021;;;;
19729521;19729521;19729521;;;;OR21;P;OR225;;LOCAL INFO CLIENT;RA;;07/09/2021;;;;
19927921;19927921;19927921;;;;OR21;P;OR225;;LOCAL INFO CLIENT;RA;;23/09/2021;;;;
21951615;21951615;21951615;;;;OR21;P;OR225;;LOCAL INFO CLIENT;RA;;21/01/2022;;;;
21980415;21980415;21980415;;;;OR21;P;OR225;;LOCAL INFO CLIENT;RA;;25/01/2022;;;;
21992244;21992244;21992244;;;;OR21;P;OR225;;LOCAL INFO CLIENT;RA;;25/01/2022;;;;
22122165;22122165;22122165;;;;OR21;P;OR225;;LOCAL INFO CLIENT;RA;;07/02/2022;;;;
22296882;22296882;22296882;;;;OR21;P;OR225;;LOCAL INFO CLIENT;RA;;21/02/2022;;;;
22312562;22312562;22312562;;;;OR21;P;OR225;;LOCAL INFO CLIENT;RA;;22/02/2022;;;;
22414641;22414641;22414641;;;;OR21;P;OR225;;LOCAL INFO CLIENT;RA;;01/03/2022;;;;
22904561;22904561;22904561;;;;OR21;P;OR225;;LOCAL INFO CLIENT;RA;;05/04/2022;;;;
24581365;24581365;24581365;;;;OR21;P;OR225;;LOCAL INFO CLIENT;RA;;23/08/2022;;;;
24595134;24595134;24595134;;;;OR21;P;OR225;;LOCAL INFO CLIENT;RA;;23/08/2022;;;;
24607922;24607922;24607922;;;;OR21;P;OR225;;LOCAL INFO CLIENT;RA;;24/08/2022;;;;
24621681;24621681;24621681;;;;OR21;P;OR225;;LOCAL INFO CLIENT;RA;;24/08/2022;;;;
24680570;24680570;24680570;;;;OR21;P;OR225;;LOCAL INFO CLIENT;RA;;31/08/2022;;;;
27317681;27317681;27317681;;;;OR21;P;OR225;;LOCAL INFO CLIENT;RA;;07/03/2023;;;;
30180081;30180081;30180081;;;;OR21;P;OR225;;LOCAL INFO CLIENT;RA;;14/11/2023;;;;
30605362;30605362;30605362;;;;OR21;P;OR225;;LOCAL INFO CLIENT;RA;;21/12/2023;;;;
30807283;30807283;30807283;;;;OR21;P;OR225;;LOCAL INFO CLIENT;RA;;19/01/2024;;;;
31520241;31520241;31520241;;;;OR21;P;OR225;;LOCAL INFO CLIENT;RA;;12/04/2024;;;;
3461279;3461279;3461279;;;;OR21;P;OR225;;LOCAL INFO CLIENT;RA;;29/04/2004;;;;
3461314;3461314;3461314;;;;OR21;P;OR225;;LOCAL INFO CLIENT;RA;;30/01/2006;;;;
3461368;3461368;3461368;;;;OR21;P;OR225;;LOCAL INFO CLIENT;RA;;08/04/2010;;;;
3461415;3461415;3461415;;;;OR21;P;OR225;;LOCAL INFO CLIENT;RA;;10/11/2004;;;;
3461440;3461440;3461440;;;;OR21;P;OR225;;LOCAL INFO CLIENT;RA;;08/04/2005;;;;
3461498;3461498;3461498;;;;OR21;P;OR225;;LOCAL INFO CLIENT;RA;;18/06/2010;;;;
3461999;3461999;3461999;;;;OR21;P;OR225;;LOCAL INFO CLIENT;RA;;28/04/2011;;;;
3462055;3462055;3462055;;;;OR21;P;OR225;;LOCAL INFO CLIENT;RA;;26/03/2007;;;;
3462641;3462641;3462641;;;;OR21;P;OR225;;LOCAL INFO CLIENT;RA;;04/08/2010;;;;
3462906;3462906;3462906;;;;OR21;P;OR225;;LOCAL INFO CLIENT;RA;;17/11/2005;;;;
3462918;3462918;3462918;;;;OR21;P;OR225;;LOCAL INFO CLIENT;RA;;17/11/2005;;;;
3462987;3462987;3462987;;;;OR21;P;OR225;;LOCAL INFO CLIENT;RA;;29/11/2005;;;;
3463140;3463140;3463140;;;;OR21;P;OR225;;LOCAL INFO CLIENT;RA;;03/10/2005;;;;
3463357;3463357;3463357;;;;OR21;P;OR225;;LOCAL INFO CLIENT;RA;;15/12/2005;;;;
3463444;3463444;3463444;;;;OR21;P;OR225;;LOCAL INFO CLIENT;RA;;18/10/2006;;;;
3463507;3463507;3463507;;;;OR21;P;OR225;;LOCAL INFO CLIENT;RA;;18/10/2006;;;;
3463827;3463827;3463827;;;;OR21;P;OR225;;LOCAL INFO CLIENT;RA;;03/09/2009;;;;
3463861;3463861;3463861;;;;OR21;P;OR225;;LOCAL INFO CLIENT;RA;;15/11/2002;;;;
3464027;3464027;3464027;;;;OR21;P;OR225;;LOCAL INFO CLIENT;RA;;27/01/2006;;;;
3464057;3464057;3464057;;;;OR21;P;OR225;;LOCAL INFO CLIENT;RA;;08/12/2003;;;;
3464063;3464063;3464063;;;;OR21;P;OR225;;LOCAL INFO CLIENT;RA;;01/07/2008;;;;
3464200;3464200;3464200;;;;OR21;P;OR225;;LOCAL INFO CLIENT;RA;;13/11/2008;;;;
3464210;3464210;3464210;;;;OR21;P;OR225;;LOCAL INFO CLIENT;RA;;23/11/2010;;;;
3464221;3464221;3464221;;;;OR21;P;OR225;;LOCAL INFO CLIENT;RA;;27/06/2003;;;;
3464232;3464232;3464232;;;;OR21;P;OR225;;LOCAL INFO CLIENT;RA;;04/01/2006;;;;
3464256;3464256;3464256;;;;OR21;P;OR225;;LOCAL INFO CLIENT;RA;;20/07/2006;;;;
3464314;3464314;3464314;;;;OR21;P;OR225;;LOCAL INFO CLIENT;RA;;31/10/2006;;;;
3464361;3464361;3464361;;;;OR21;P;OR225;;LOCAL INFO CLIENT;RA;;22/12/2010;;;;
3464408;3464408;3464408;;;;OR21;P;OR225;;LOCAL INFO CLIENT;RA;;19/07/2010;;;;
3464469;3464469;3464469;;;;OR21;P;OR225;;LOCAL INFO CLIENT;RA;;22/02/2011;;;;
3464495;3464495;3464495;;;;OR21;P;OR225;;LOCAL INFO CLIENT;RA;;03/11/2006;;;;
3464514;3464514;3464514;;;;OR21;P;OR225;;LOCAL INFO CLIENT;RA;;28/07/2010;;;;
3464531;3464531;3464531;;;;OR21;P;OR225;;LOCAL INFO CLIENT;RA;;06/01/2009;;;;
3464534;3464534;3464534;;;;OR21;P;OR225;;LOCAL INFO CLIENT;RA;;06/07/2004;;;;
3464540;3464540;3464540;;;;OR21;P;OR225;;LOCAL INFO CLIENT;RA;;23/07/2012;;;;
3464548;3464548;3464548;;;;OR21;P;OR225;;LOCAL INFO CLIENT;RA;;29/07/2005;;;;
3464621;3464621;3464621;;;;OR21;P;OR225;;LOCAL INFO CLIENT;RA;;30/05/2005;;;;
3464826;3464826;3464826;;;;OR21;P;OR225;;LOCAL INFO CLIENT;RA;;05/12/2007;;;;
3464952;3464952;3464952;;;;OR21;P;OR225;;LOCAL INFO CLIENT;RA;;03/02/2010;;;;
3464955;3464955;3464955;;;;OR21;P;OR225;;LOCAL INFO CLIENT;RA;;29/07/2011;;;;
3464977;3464977;3464977;;;;OR21;P;OR225;;LOCAL INFO CLIENT;RA;;25/07/2007;;;;
3465010;3465010;3465010;;;;OR21;P;OR225;;LOCAL INFO CLIENT;RA;;06/02/2006;;;;
3465032;3465032;3465032;;;;OR21;P;OR225;;LOCAL INFO CLIENT;RA;;06/02/2006;;;;
3465091;3465091;3465091;;;;OR21;P;OR225;;LOCAL INFO CLIENT;RA;;17/01/2006;;;;
3465092;3465092;3465092;;;;OR21;P;OR225;;LOCAL INFO CLIENT;RA;;21/03/2005;;;;
3465108;3465108;3465108;;;;OR21;P;OR225;;LOCAL INFO CLIENT;RA;;19/02/2007;;;;
3465129;3465129;3465129;;;;OR21;P;OR225;;LOCAL INFO CLIENT;RA;;21/03/2005;;;;
3465130;3465130;3465130;;;;OR21;P;OR225;;LOCAL INFO CLIENT;RA;;21/03/2005;;;;
3465184;3465184;3465184;;;;OR21;P;OR225;;LOCAL INFO CLIENT;RA;;18/10/2004;;;;
3465259;3465259;3465259;;;;OR21;P;OR225;;LOCAL INFO CLIENT;RA;;21/03/2005;;;;
3465301;3465301;3465301;;;;OR21;P;OR225;;LOCAL INFO CLIENT;RA;;21/03/2005;;;;
4380801;4380801;4380801;;;;OR21;P;OR225;;LOCAL INFO CLIENT;RA;;28/03/2013;;;;
4501761;4501761;4501761;;;;OR21;P;OR225;;LOCAL INFO CLIENT;RA;;18/04/2013;;;;
4694721;4694721;4694721;;;;OR21;P;OR225;;LOCAL INFO CLIENT;RA;;31/05/2013;;;;
4707522;4707522;4707522;;;;OR21;P;OR225;;LOCAL INFO CLIENT;RA;;04/06/2013;;;;
4791378;4791378;4791378;;;;OR21;P;OR225;;LOCAL INFO CLIENT;RA;;18/06/2013;;;;
5000641;5000641;5000641;;;;OR21;P;OR225;;LOCAL INFO CLIENT;RA;;16/07/2013;;;;
5274289;5274289;5274289;;;;OR21;P;OR225;;LOCAL INFO CLIENT;RA;;17/10/2013;;;;
5424961;5424961;5424961;;;;OR21;P;OR225;;LOCAL INFO CLIENT;RA;;04/12/2013;;;;
5835249;5835249;5835249;;;;OR21;P;OR225;;LOCAL INFO CLIENT;RA;;10/04/2014;;;;
6139537;6139537;6139537;;;;OR21;P;OR225;;LOCAL INFO CLIENT;RA;;17/07/2014;;;;
6163201;6163201;6163201;;;;OR21;P;OR225;;LOCAL INFO CLIENT;RA;;24/07/2014;;;;
6490017;6490017;6490017;;;;OR21;P;OR225;;LOCAL INFO CLIENT;RA;;27/11/2014;;;;
6607121;6607121;6607121;;;;OR21;P;OR225;;LOCAL INFO CLIENT;RA;;17/02/2015;;;;
6786049;6786049;6786049;;;;OR21;P;OR225;;LOCAL INFO CLIENT;RA;;16/07/2015;;;;
6977057;6977057;6977057;;;;OR21;P;OR225;;LOCAL INFO CLIENT;RA;;27/10/2015;;;;
8367602;8367602;8367602;;;;OR21;P;OR225;;LOCAL INFO CLIENT;RA;;04/01/2017;;;;
11087249;11087249;11087249;;;;OR21;P;OR225;;LOCAL INFO CLIENT;RA;;26/12/2018;;;;
11381013;11381013;11381013;;;;OR21;P;OR225;;LOCAL INFO CLIENT;RA;;04/03/2019;;;;
11748994;11748994;11748994;;;;OR21;P;OR225;;LOCAL INFO CLIENT;RA;;03/05/2019;;;;
11976256;11976256;11976256;;;;OR21;P;OR225;;LOCAL INFO CLIENT;RA;;11/06/2019;;;;
12333332;12333332;12333332;;;;OR21;P;OR225;;LOCAL INFO CLIENT;RA;;30/07/2019;;;;
12352516;12352516;12352516;;;;OR21;P;OR225;;LOCAL INFO CLIENT;RA;;01/08/2019;;;;
12370113;12370113;12370113;;;;OR21;P;OR225;;LOCAL INFO CLIENT;RA;;05/08/2019;;;;
12734321;12734321;12734321;;;;OR21;P;OR225;;LOCAL INFO CLIENT;RA;;24/09/2019;;;;
12734322;12734322;12734322;;;;OR21;P;OR225;;LOCAL INFO CLIENT;RA;;24/09/2019;;;;
13350946;13350946;13350946;;;;OR21;P;OR225;;LOCAL INFO CLIENT;RA;;02/12/2019;;;;
13839252;13839252;13839252;;;;OR21;P;OR225;;LOCAL INFO CLIENT;RA;;05/02/2020;;;;
13912514;13912514;13912514;;;;OR21;P;OR225;;LOCAL INFO CLIENT;RA;;11/02/2020;;;;
13912515;13912515;13912515;;;;OR21;P;OR225;;LOCAL INFO CLIENT;RA;;11/02/2020;;;;
14016546;14016546;14016546;;;;OR21;P;OR225;;LOCAL INFO CLIENT;RA;;22/02/2020;;;;
14820372;14820372;14820372;;;;OR21;P;OR225;;LOCAL INFO CLIENT;RA;;28/05/2020;;;;
15302915;15302915;15302915;;;;OR21;P;OR225;;LOCAL INFO CLIENT;RA;;10/07/2020;;;;
15494929;15494929;15494929;;;;OR21;P;OR225;;LOCAL INFO CLIENT;RA;;29/07/2020;;;;
16156049;16156049;16156049;;;;OR21;P;OR225;;LOCAL INFO CLIENT;RA;;29/09/2020;;;;
16189969;16189969;16189969;;;;OR21;P;OR225;;LOCAL INFO CLIENT;RA;;01/10/2020;;;;
16245974;16245974;16245974;;;;OR21;P;OR225;;LOCAL INFO CLIENT;RA;;07/10/2020;;;;
16245975;16245975;16245975;;;;OR21;P;OR225;;LOCAL INFO CLIENT;RA;;07/10/2020;;;;
16392865;16392865;16392865;;;;OR21;P;OR225;;LOCAL INFO CLIENT;RA;;21/10/2020;;;;
19227442;19227442;19227442;;;;OR21;P;OR225;;LOCAL INFO CLIENT;RA;;21/07/2021;;;;
19364725;19364725;19364725;;;;OR21;P;OR225;;LOCAL INFO CLIENT;RA;;02/08/2021;;;;
19705841;19705841;19705841;;;;OR21;P;OR225;;LOCAL INFO CLIENT;RA;;06/09/2021;;;;
21948414;21948414;21948414;;;;OR21;P;OR225;;LOCAL INFO CLIENT;RA;;21/01/2022;;;;
21988416;21988416;21988416;;;;OR21;P;OR225;;LOCAL INFO CLIENT;RA;;25/01/2022;;;;
23169201;23169201;23169201;;;;OR21;P;OR225;;LOCAL INFO CLIENT;RA;;27/04/2022;;;;
24510962;24510962;24510962;;;;OR21;P;OR225;;LOCAL INFO CLIENT;RA;;12/08/2022;;;;
24548727;24548727;24548727;;;;OR21;P;OR225;;LOCAL INFO CLIENT;RA;;18/08/2022;;;;
24654643;24654643;24654643;;;;OR21;P;OR225;;LOCAL INFO CLIENT;RA;;29/08/2022;;;;
26569841;26569841;26569841;;;;OR21;P;OR225;;LOCAL INFO CLIENT;RA;;19/01/2023;;;;
31574641;31574641;31574641;;;;OR21;P;OR225;;LOCAL INFO CLIENT;RA;;18/04/2024;;;;
31746178;31746178;31746178;;;;OR21;P;OR225;;LOCAL INFO CLIENT;RA;;07/05/2024;;;;
3461273;3461273;3461273;;;;OR21;P;OR225;;LOCAL INFO CLIENT;RA;;22/04/2005;;;;
3461311;3461311;3461311;;;;OR21;P;OR225;;LOCAL INFO CLIENT;RA;;05/12/2007;;;;
3461436;3461436;3461436;;;;OR21;P;OR225;;LOCAL INFO CLIENT;RA;;03/07/2003;;;;
3461465;3461465;3461465;;;;OR21;P;OR225;;LOCAL INFO CLIENT;RA;;10/02/2011;;;;
3461506;3461506;3461506;;;;OR21;P;OR225;;LOCAL INFO CLIENT;RA;;10/02/2011;;;;
3461696;3461696;3461696;;;;OR21;P;OR225;;LOCAL INFO CLIENT;RA;;30/01/2008;;;;
3462623;3462623;3462623;;;;OR21;P;OR225;;LOCAL INFO CLIENT;RA;;16/02/2012;;;;
3462816;3462816;3462816;;;;OR21;P;OR225;;LOCAL INFO CLIENT;RA;;18/11/2002;;;;
3462894;3462894;3462894;;;;OR21;P;OR225;;LOCAL INFO CLIENT;RA;;17/11/2005;;;;
3462924;3462924;3462924;;;;OR21;P;OR225;;LOCAL INFO CLIENT;RA;;14/02/2008;;;;
3463005;3463005;3463005;;;;OR21;P;OR225;;LOCAL INFO CLIENT;RA;;17/11/2005;;;;
3463052;3463052;3463052;;;;OR21;P;OR225;;LOCAL INFO CLIENT;RA;;23/08/2004;;;;
3463203;3463203;3463203;;;;OR21;P;OR225;;LOCAL INFO CLIENT;RA;;03/10/2005;;;;
3463247;3463247;3463247;;;;OR21;P;OR225;;LOCAL INFO CLIENT;RA;;07/07/2005;;;;
3463431;3463431;3463431;;;;OR21;P;OR225;;LOCAL INFO CLIENT;RA;;10/04/2009;;;;
3463495;3463495;3463495;;;;OR21;P;OR225;;LOCAL INFO CLIENT;RA;;18/10/2006;;;;
3463572;3463572;3463572;;;;OR21;P;OR225;;LOCAL INFO CLIENT;RA;;18/10/2006;;;;
3463857;3463857;3463857;;;;OR21;P;OR225;;LOCAL INFO CLIENT;RA;;30/11/2007;;;;
3463955;3463955;3463955;;;;OR21;P;OR225;;LOCAL INFO CLIENT;RA;;14/04/2004;;;;
3464151;3464151;3464151;;;;OR21;P;OR225;;LOCAL INFO CLIENT;RA;;05/01/2006;;;;
3464191;3464191;3464191;;;;OR21;P;OR225;;LOCAL INFO CLIENT;RA;;28/08/2007;;;;
3464236;3464236;3464236;;;;OR21;P;OR225;;LOCAL INFO CLIENT;RA;;26/01/2011;;;;
3464259;3464259;3464259;;;;OR21;P;OR225;;LOCAL INFO CLIENT;RA;;04/01/2006;;;;
3464268;3464268;3464268;;;;OR21;P;OR225;;LOCAL INFO CLIENT;RA;;03/11/2006;;;;
3464279;3464279;3464279;;;;OR21;P;OR225;;LOCAL INFO CLIENT;RA;;03/01/2008;;;;
3464283;3464283;3464283;;;;OR21;P;OR225;;LOCAL INFO CLIENT;RA;;12/12/2003;;;;
3464310;3464310;3464310;;;;OR21;P;OR225;;LOCAL INFO CLIENT;RA;;20/03/2008;;;;
3464315;3464315;3464315;;;;OR21;P;OR225;;LOCAL INFO CLIENT;RA;;20/03/2008;;;;
3464322;3464322;3464322;;;;OR21;P;OR225;;LOCAL INFO CLIENT;RA;;31/10/2006;;;;
3464338;3464338;3464338;;;;OR21;P;OR225;;LOCAL INFO CLIENT;RA;;16/02/2007;;;;
3464354;3464354;3464354;;;;OR21;P;OR225;;LOCAL INFO CLIENT;RA;;31/03/2008;;;;
3464355;3464355;3464355;;;;OR21;P;OR225;;LOCAL INFO CLIENT;RA;;22/02/2006;;;;
3464359;3464359;3464359;;;;OR21;P;OR225;;LOCAL INFO CLIENT;RA;;03/11/2006;;;;
3464369;3464369;3464369;;;;OR21;P;OR225;;LOCAL INFO CLIENT;RA;;09/11/2004;;;;
3464379;3464379;3464379;;;;OR21;P;OR225;;LOCAL INFO CLIENT;RA;;09/11/2004;;;;
3464396;3464396;3464396;;;;OR21;P;OR225;;LOCAL INFO CLIENT;RA;;23/05/2005;;;;
3464438;3464438;3464438;;;;OR21;P;OR225;;LOCAL INFO CLIENT;RA;;03/11/2006;;;;
3464444;3464444;3464444;;;;OR21;P;OR225;;LOCAL INFO CLIENT;RA;;12/12/2003;;;;
3464509;3464509;3464509;;;;OR21;P;OR225;;LOCAL INFO CLIENT;RA;;24/04/2006;;;;
3464535;3464535;3464535;;;;OR21;P;OR225;;LOCAL INFO CLIENT;RA;;06/07/2004;;;;
3464538;3464538;3464538;;;;OR21;P;OR225;;LOCAL INFO CLIENT;RA;;02/03/2009;;;;
3464541;3464541;3464541;;;;OR21;P;OR225;;LOCAL INFO CLIENT;RA;;06/01/2009;;;;
3464768;3464768;3464768;;;;OR21;P;OR225;;LOCAL INFO CLIENT;RA;;03/10/2011;;;;
3464913;3464913;3464913;;;;OR21;P;OR225;;LOCAL INFO CLIENT;RA;;16/01/2006;;;;
3464959;3464959;3464959;;;;OR21;P;OR225;;LOCAL INFO CLIENT;RA;;26/05/2011;;;;
3464998;3464998;3464998;;;;OR21;P;OR225;;LOCAL INFO CLIENT;RA;;16/01/2006;;;;
3465000;3465000;3465000;;;;OR21;P;OR225;;LOCAL INFO CLIENT;RA;;06/02/2006;;;;
3465015;3465015;3465015;;;;OR21;P;OR225;;LOCAL INFO CLIENT;RA;;06/02/2006;;;;
3465017;3465017;3465017;;;;OR21;P;OR225;;LOCAL INFO CLIENT;RA;;26/11/2010;;;;
3465057;3465057;3465057;;;;OR21;P;OR225;;LOCAL INFO CLIENT;RA;;17/01/2006;;;;
3465062;3465062;3465062;;;;OR21;P;OR225;;LOCAL INFO CLIENT;RA;;19/02/2003;;;;
3465097;3465097;3465097;;;;OR21;P;OR225;;LOCAL INFO CLIENT;RA;;29/04/2010;;;;
3465133;3465133;3465133;;;;OR21;P;OR225;;LOCAL INFO CLIENT;RA;;21/03/2005;;;;
3465150;3465150;3465150;;;;OR21;P;OR225;;LOCAL INFO CLIENT;RA;;18/08/2011;;;;
3465169;3465169;3465169;;;;OR21;P;OR225;;LOCAL INFO CLIENT;RA;;19/07/2006;;;;
3465194;3465194;3465194;;;;OR21;P;OR225;;LOCAL INFO CLIENT;RA;;21/03/2005;;;;
3465200;3465200;3465200;;;;OR21;P;OR225;;LOCAL INFO CLIENT;RA;;22/03/2005;;;;
3465230;3465230;3465230;;;;OR21;P;OR225;;LOCAL INFO CLIENT;RA;;15/04/2005;;;;
4278417;4278417;4278417;;;;OR21;P;OR225;;LOCAL INFO CLIENT;RA;;11/03/2013;;;;
4463361;4463361;4463361;;;;OR21;P;OR225;;LOCAL INFO CLIENT;RA;;15/04/2013;;;;
6273985;6273985;6273985;;;;OR21;P;OR225;;LOCAL INFO CLIENT;RA;;09/09/2014;;;;
7026385;7026385;7026385;;;;OR21;P;OR225;;LOCAL INFO CLIENT;RA;;19/11/2015;;;;
7482771;7482771;7482771;;;;OR21;P;OR225;;LOCAL INFO CLIENT;RA;;03/05/2016;;;;
7888497;7888497;7888497;;;;OR21;P;OR225;;LOCAL INFO CLIENT;RA;;12/09/2016;;;;
11229633;11229633;11229633;;;;OR21;P;OR225;;LOCAL INFO CLIENT;RA;;29/01/2019;;;;
11839922;11839922;11839922;;;;OR21;P;OR225;;LOCAL INFO CLIENT;RA;;20/05/2019;;;;
12343255;12343255;12343255;;;;OR21;P;OR225;;LOCAL INFO CLIENT;RA;;31/07/2019;;;;
12349317;12349317;12349317;;;;OR21;P;OR225;;LOCAL INFO CLIENT;RA;;01/08/2019;;;;
12358913;12358913;12358913;;;;OR21;P;OR225;;LOCAL INFO CLIENT;RA;;02/08/2019;;;;
12373025;12373025;12373025;;;;OR21;P;OR225;;LOCAL INFO CLIENT;RA;;05/08/2019;;;;
12936225;12936225;12936225;;;;OR21;P;OR225;;LOCAL INFO CLIENT;RA;;17/10/2019;;;;
13898183;13898183;13898183;;;;OR21;P;OR225;;LOCAL INFO CLIENT;RA;;10/02/2020;;;;
15513169;15513169;15513169;;;;OR21;P;OR225;;LOCAL INFO CLIENT;RA;;30/07/2020;;;;
16149041;16149041;16149041;;;;OR21;P;OR225;;LOCAL INFO CLIENT;RA;;29/09/2020;;;;
16188704;16188704;16188704;;;;OR21;P;OR225;;LOCAL INFO CLIENT;RA;;01/10/2020;;;;
17119603;17119603;17119603;;;;OR21;P;OR225;;LOCAL INFO CLIENT;RA;;04/01/2021;;;;
18141698;18141698;18141698;;;;OR21;P;OR225;;LOCAL INFO CLIENT;RA;;16/04/2021;;;;
19221041;19221041;19221041;;;;OR21;P;OR225;;LOCAL INFO CLIENT;RA;;19/07/2021;;;;
19619779;19619779;19619779;;;;OR21;P;OR225;;LOCAL INFO CLIENT;RA;;27/08/2021;;;;
19643453;19643453;19643453;;;;OR21;P;OR225;;LOCAL INFO CLIENT;RA;;30/08/2021;;;;
19678002;19678002;19678002;;;;OR21;P;OR225;;LOCAL INFO CLIENT;RA;;02/09/2021;;;;
19712273;19712273;19712273;;;;OR21;P;OR225;;LOCAL INFO CLIENT;RA;;06/09/2021;;;;
19916401;19916401;19916401;;;;OR21;P;OR225;;LOCAL INFO CLIENT;RA;;22/09/2021;;;;
21618161;21618161;21618161;;;;OR21;P;OR225;;LOCAL INFO CLIENT;RA;;24/12/2021;;;;
22050170;22050170;22050170;;;;OR21;P;OR225;;LOCAL INFO CLIENT;RA;;31/01/2022;;;;
22135281;22135281;22135281;;;;OR21;P;OR225;;LOCAL INFO CLIENT;RA;;08/02/2022;;;;
22215921;22215921;22215921;;;;OR21;P;OR225;;LOCAL INFO CLIENT;RA;;15/02/2022;;;;
22346161;22346161;22346161;;;;OR21;P;OR225;;LOCAL INFO CLIENT;RA;;24/02/2022;;;;
24217201;24217201;24217201;;;;OR21;P;OR225;;LOCAL INFO CLIENT;RA;;19/07/2022;;;;
24596404;24596404;24596404;;;;OR21;P;OR225;;LOCAL INFO CLIENT;RA;;23/08/2022;;;;
24610162;24610162;24610162;;;;OR21;P;OR225;;LOCAL INFO CLIENT;RA;;24/08/2022;;;;
24655290;24655290;24655290;;;;OR21;P;OR225;;LOCAL INFO CLIENT;RA;;29/08/2022;;;;
24668721;24668721;24668721;;;;OR21;P;OR225;;LOCAL INFO CLIENT;RA;;30/08/2022;;;;
30605361;30605361;30605361;;;;OR21;P;OR225;;LOCAL INFO CLIENT;RA;;21/12/2023;;;;
30627137;30627137;30627137;;;;OR21;P;OR225;;LOCAL INFO CLIENT;RA;;24/12/2023;;;;
3461284;3461284;3461284;;;;OR21;P;OR225;;LOCAL INFO CLIENT;RA;;18/11/2003;;;;
3461299;3461299;3461299;;;;OR21;P;OR225;;LOCAL INFO CLIENT;RA;;29/04/2004;;;;
3461322;3461322;3461322;;;;OR21;P;OR225;;LOCAL INFO CLIENT;RA;;29/07/2008;;;;
3461486;3461486;3461486;;;;OR21;P;OR225;;LOCAL INFO CLIENT;RA;;20/12/2004;;;;
3461797;3461797;3461797;;;;OR21;P;OR225;;LOCAL INFO CLIENT;RA;;17/12/2008;;;;
3461896;3461896;3461896;;;;OR21;P;OR225;;LOCAL INFO CLIENT;RA;;12/01/2009;;;;
3461916;3461916;3461916;;;;OR21;P;OR225;;LOCAL INFO CLIENT;RA;;28/10/2008;;;;
3462612;3462612;3462612;;;;OR21;P;OR225;;LOCAL INFO CLIENT;RA;;18/04/2012;;;;
3462751;3462751;3462751;;;;OR21;P;OR225;;LOCAL INFO CLIENT;RA;;21/04/2006;;;;
3462983;3462983;3462983;;;;OR21;P;OR225;;LOCAL INFO CLIENT;RA;;01/07/2008;;;;
3463002;3463002;3463002;;;;OR21;P;OR225;;LOCAL INFO CLIENT;RA;;03/08/2005;;;;
3463025;3463025;3463025;;;;OR21;P;OR225;;LOCAL INFO CLIENT;RA;;25/01/2012;;;;
3463096;3463096;3463096;;;;OR21;P;OR225;;LOCAL INFO CLIENT;RA;;16/11/2005;;;;
3463318;3463318;3463318;;;;OR21;P;OR225;;LOCAL INFO CLIENT;RA;;07/07/2005;;;;
3463430;3463430;3463430;;;;OR21;P;OR225;;LOCAL INFO CLIENT;RA;;11/04/2003;;;;
3463435;3463435;3463435;;;;OR21;P;OR225;;LOCAL INFO CLIENT;RA;;09/04/2009;;;;
3463441;3463441;3463441;;;;OR21;P;OR225;;LOCAL INFO CLIENT;RA;;27/03/2007;;;;
3463472;3463472;3463472;;;;OR21;P;OR225;;LOCAL INFO CLIENT;RA;;10/04/2009;;;;
3463505;3463505;3463505;;;;OR21;P;OR225;;LOCAL INFO CLIENT;RA;;20/07/2006;;;;
3463541;3463541;3463541;;;;OR21;P;OR225;;LOCAL INFO CLIENT;RA;;11/12/2003;;;;
3463682;3463682;3463682;;;;OR21;P;OR225;;LOCAL INFO CLIENT;RA;;28/04/2004;;;;
3463981;3463981;3463981;;;;OR21;P;OR225;;LOCAL INFO CLIENT;RA;;15/03/2010;;;;
3463988;3463988;3463988;;;;OR21;P;OR225;;LOCAL INFO CLIENT;RA;;08/12/2003;;;;
3463990;3463990;3463990;;;;OR21;P;OR225;;LOCAL INFO CLIENT;RA;;15/03/2010;;;;
3464052;3464052;3464052;;;;OR21;P;OR225;;LOCAL INFO CLIENT;RA;;25/01/2011;;;;
3464086;3464086;3464086;;;;OR21;P;OR225;;LOCAL INFO CLIENT;RA;;15/12/2005;;;;
3464138;3464138;3464138;;;;OR21;P;OR225;;LOCAL INFO CLIENT;RA;;15/03/2011;;;;
3464218;3464218;3464218;;;;OR21;P;OR225;;LOCAL INFO CLIENT;RA;;13/07/2010;;;;
3464285;3464285;3464285;;;;OR21;P;OR225;;LOCAL INFO CLIENT;RA;;14/03/2006;;;;
3464324;3464324;3464324;;;;OR21;P;OR225;;LOCAL INFO CLIENT;RA;;03/11/2006;;;;
3464339;3464339;3464339;;;;OR21;P;OR225;;LOCAL INFO CLIENT;RA;;03/11/2006;;;;
3464345;3464345;3464345;;;;OR21;P;OR225;;LOCAL INFO CLIENT;RA;;09/11/2004;;;;
3464360;3464360;3464360;;;;OR21;P;OR225;;LOCAL INFO CLIENT;RA;;03/11/2006;;;;
3464362;3464362;3464362;;;;OR21;P;OR225;;LOCAL INFO CLIENT;RA;;08/12/2003;;;;
3464389;3464389;3464389;;;;OR21;P;OR225;;LOCAL INFO CLIENT;RA;;31/03/2008;;;;
3464401;3464401;3464401;;;;OR21;P;OR225;;LOCAL INFO CLIENT;RA;;10/11/2004;;;;
3464441;3464441;3464441;;;;OR21;P;OR225;;LOCAL INFO CLIENT;RA;;19/11/2007;;;;
3464473;3464473;3464473;;;;OR21;P;OR225;;LOCAL INFO CLIENT;RA;;19/08/2010;;;;
3464480;3464480;3464480;;;;OR21;P;OR225;;LOCAL INFO CLIENT;RA;;03/11/2008;;;;
3464494;3464494;3464494;;;;OR21;P;OR225;;LOCAL INFO CLIENT;RA;;17/09/2007;;;;
3464504;3464504;3464504;;;;OR21;P;OR225;;LOCAL INFO CLIENT;RA;;01/09/2010;;;;
3464516;3464516;3464516;;;;OR21;P;OR225;;LOCAL INFO CLIENT;RA;;20/06/2011;;;;
3464524;3464524;3464524;;;;OR21;P;OR225;;LOCAL INFO CLIENT;RA;;15/02/2007;;;;
3464625;3464625;3464625;;;;OR21;P;OR225;;LOCAL INFO CLIENT;RA;;29/04/2005;;;;
3464839;3464839;3464839;;;;OR21;P;OR225;;LOCAL INFO CLIENT;RA;;03/02/2010;;;;
3464872;3464872;3464872;;;;OR21;P;OR225;;LOCAL INFO CLIENT;RA;;15/12/2005;;;;
3464878;3464878;3464878;;;;OR21;P;OR225;;LOCAL INFO CLIENT;RA;;21/03/2005;;;;
3465026;3465026;3465026;;;;OR21;P;OR225;;LOCAL INFO CLIENT;RA;;06/02/2006;;;;
3465042;3465042;3465042;;;;OR21;P;OR225;;LOCAL INFO CLIENT;RA;;06/10/2003;;;;
3465087;3465087;3465087;;;;OR21;P;OR225;;LOCAL INFO CLIENT;RA;;11/02/2003;;;;
3465099;3465099;3465099;;;;OR21;P;OR225;;LOCAL INFO CLIENT;RA;;01/02/2010;;;;
3465128;3465128;3465128;;;;OR21;P;OR225;;LOCAL INFO CLIENT;RA;;16/06/2004;;;;
3465138;3465138;3465138;;;;OR21;P;OR225;;LOCAL INFO CLIENT;RA;;20/03/2007;;;;
3465173;3465173;3465173;;;;OR21;P;OR225;;LOCAL INFO CLIENT;RA;;06/10/2010;;;;
3465243;3465243;3465243;;;;OR21;P;OR225;;LOCAL INFO CLIENT;RA;;22/03/2005;;;;
3465261;3465261;3465261;;;;OR21;P;OR225;;LOCAL INFO CLIENT;RA;;15/12/2005;;;;
3754881;3754881;3754881;;;;OR21;P;OR225;;LOCAL INFO CLIENT;RA;;22/11/2012;;;;
4311361;4311361;4311361;;;;OR21;P;OR225;;LOCAL INFO CLIENT;RA;;18/03/2013;;;;
4600321;4600321;4600321;;;;OR21;P;OR225;;LOCAL INFO CLIENT;RA;;15/05/2013;;;;
5073601;5073601;5073601;;;;OR21;P;OR225;;LOCAL INFO CLIENT;RA;;05/08/2013;;;;
5321921;5321921;5321921;;;;OR21;P;OR225;;LOCAL INFO CLIENT;RA;;31/10/2013;;;;
5426561;5426561;5426561;;;;OR21;P;OR225;;LOCAL INFO CLIENT;RA;;04/12/2013;;;;
6367361;6367361;6367361;;;;OR21;P;OR225;;LOCAL INFO CLIENT;RA;;13/10/2014;;;;
7335505;7335505;7335505;;;;OR21;P;OR225;;LOCAL INFO CLIENT;RA;;15/03/2016;;;;
7564657;7564657;7564657;;;;OR21;P;OR225;;LOCAL INFO CLIENT;RA;;01/06/2016;;;;
9015889;9015889;9015889;;;;OR21;P;OR225;;LOCAL INFO CLIENT;RA;;24/05/2017;;;;
9073809;9073809;9073809;;;;OR21;P;OR225;;LOCAL INFO CLIENT;RA;;13/06/2017;;;;
10421649;10421649;10421649;;;;OR21;P;OR225;;LOCAL INFO CLIENT;RA;;06/07/2018;;;;
11083075;11083075;11083075;;;;OR21;P;OR225;;LOCAL INFO CLIENT;RA;;24/12/2018;;;;
11083077;11083077;11083077;;;;OR21;P;OR225;;LOCAL INFO CLIENT;RA;;24/12/2018;;;;
12343585;12343585;12343585;;;;OR21;P;OR225;;LOCAL INFO CLIENT;RA;;31/07/2019;;;;
12346435;12346435;12346435;;;;OR21;P;OR225;;LOCAL INFO CLIENT;RA;;31/07/2019;;;;
12370114;12370114;12370114;;;;OR21;P;OR225;;LOCAL INFO CLIENT;RA;;05/08/2019;;;;
13537485;13537485;13537485;;;;OR21;P;OR225;;LOCAL INFO CLIENT;RA;;23/12/2019;;;;
13544529;13544529;13544529;;;;OR21;P;OR225;;LOCAL INFO CLIENT;RA;;24/12/2019;;;;
13612690;13612690;13612690;;;;OR21;P;OR225;;LOCAL INFO CLIENT;RA;;06/01/2020;;;;
13898177;13898177;13898177;;;;OR21;P;OR225;;LOCAL INFO CLIENT;RA;;10/02/2020;;;;
13898178;13898178;13898178;;;;OR21;P;OR225;;LOCAL INFO CLIENT;RA;;10/02/2020;;;;
13898181;13898181;13898181;;;;OR21;P;OR225;;LOCAL INFO CLIENT;RA;;10/02/2020;;;;
14023253;14023253;14023253;;;;OR21;P;OR225;;LOCAL INFO CLIENT;RA;;24/02/2020;;;;
14063553;14063553;14063553;;;;OR21;P;OR225;;LOCAL INFO CLIENT;RA;;27/02/2020;;;;
14063554;14063554;14063554;;;;OR21;P;OR225;;LOCAL INFO CLIENT;RA;;27/02/2020;;;;
14063555;14063555;14063555;;;;OR21;P;OR225;;LOCAL INFO CLIENT;RA;;27/02/2020;;;;
14078950;14078950;14078950;;;;OR21;P;OR225;;LOCAL INFO CLIENT;RA;;29/02/2020;;;;
14155394;14155394;14155394;;;;OR21;P;OR225;;LOCAL INFO CLIENT;RA;;10/03/2020;;;;
14572034;14572034;14572034;;;;OR21;P;OR225;;LOCAL INFO CLIENT;RA;;30/04/2020;;;;
15364688;15364688;15364688;;;;OR21;P;OR225;;LOCAL INFO CLIENT;RA;;16/07/2020;;;;
16054916;16054916;16054916;;;;OR21;P;OR225;;LOCAL INFO CLIENT;RA;;21/09/2020;;;;
16141041;16141041;16141041;;;;OR21;P;OR225;;LOCAL INFO CLIENT;RA;;28/09/2020;;;;
16182348;16182348;16182348;;;;OR21;P;OR225;;LOCAL INFO CLIENT;RA;;02/10/2020;;;;
16188374;16188374;16188374;;;;OR21;P;OR225;;LOCAL INFO CLIENT;RA;;02/10/2020;;;;
16212050;16212050;16212050;;;;OR21;P;OR225;;LOCAL INFO CLIENT;RA;;05/10/2020;;;;
16214947;16214947;16214947;;;;OR21;P;OR225;;LOCAL INFO CLIENT;RA;;05/10/2020;;;;
16227441;16227441;16227441;;;;OR21;P;OR225;;LOCAL INFO CLIENT;RA;;06/10/2020;;;;
16338785;16338785;16338785;;;;OR21;P;OR225;;LOCAL INFO CLIENT;RA;;16/10/2020;;;;
16357031;16357031;16357031;;;;OR21;P;OR225;;LOCAL INFO CLIENT;RA;;19/10/2020;;;;
16979121;16979121;16979121;;;;OR21;P;OR225;;LOCAL INFO CLIENT;RA;;16/12/2020;;;;
17841226;17841226;17841226;;;;OR21;P;OR225;;LOCAL INFO CLIENT;RA;;17/03/2021;;;;
19300721;19300721;19300721;;;;OR21;P;OR225;;LOCAL INFO CLIENT;RA;;27/07/2021;;;;
19585856;19585856;19585856;;;;OR21;P;OR225;;LOCAL INFO CLIENT;RA;;26/08/2021;;;;
19677043;19677043;19677043;;;;OR21;P;OR225;;LOCAL INFO CLIENT;RA;;02/09/2021;;;;
19678001;19678001;19678001;;;;OR21;P;OR225;;LOCAL INFO CLIENT;RA;;02/09/2021;;;;
21985844;21985844;21985844;;;;OR21;P;OR225;;LOCAL INFO CLIENT;RA;;25/01/2022;;;;
24602161;24602161;24602161;;;;OR21;P;OR225;;LOCAL INFO CLIENT;RA;;23/08/2022;;;;
24626487;24626487;24626487;;;;OR21;P;OR225;;LOCAL INFO CLIENT;RA;;25/08/2022;;;;
24640561;24640561;24640561;;;;OR21;P;OR225;;LOCAL INFO CLIENT;RA;;25/08/2022;;;;
29815937;29815937;29815937;;;;OR21;P;OR225;;LOCAL INFO CLIENT;RA;;05/10/2023;;;;
29893361;29893361;29893361;;;;OR21;P;OR225;;LOCAL INFO CLIENT;RA;;16/10/2023;;;;
30060402;30060402;30060402;;;;OR21;P;OR225;;LOCAL INFO CLIENT;RA;;30/10/2023;;;;
30617852;30617852;30617852;;;;OR21;P;OR225;;LOCAL INFO CLIENT;RA;;23/12/2023;;;;
30631297;30631297;30631297;;;;OR21;P;OR225;;LOCAL INFO CLIENT;RA;;25/12/2023;;;;
3461364;3461364;3461364;;;;OR21;P;OR225;;LOCAL INFO CLIENT;RA;;10/11/2004;;;;
3461376;3461376;3461376;;;;OR21;P;OR225;;LOCAL INFO CLIENT;RA;;23/12/2010;;;;
3461634;3461634;3461634;;;;OR21;P;OR225;;LOCAL INFO CLIENT;RA;;14/04/2004;;;;
3461849;3461849;3461849;;;;OR21;P;OR225;;LOCAL INFO CLIENT;RA;;29/04/2004;;;;
3461917;3461917;3461917;;;;OR21;P;OR225;;LOCAL INFO CLIENT;RA;;12/01/2009;;;;
3461935;3461935;3461935;;;;OR21;P;OR225;;LOCAL INFO CLIENT;RA;;05/12/2007;;;;
3461962;3461962;3461962;;;;OR21;P;OR225;;LOCAL INFO CLIENT;RA;;10/07/2009;;;;
3462539;3462539;3462539;;;;OR21;P;OR225;;LOCAL INFO CLIENT;RA;;13/02/2009;;;;
3462544;3462544;3462544;;;;OR21;P;OR225;;LOCAL INFO CLIENT;RA;;01/07/2005;;;;
3462746;3462746;3462746;;;;OR21;P;OR225;;LOCAL INFO CLIENT;RA;;31/03/2005;;;;
3463121;3463121;3463121;;;;OR21;P;OR225;;LOCAL INFO CLIENT;RA;;03/10/2005;;;;
3463130;3463130;3463130;;;;OR21;P;OR225;;LOCAL INFO CLIENT;RA;;03/10/2005;;;;
3463194;3463194;3463194;;;;OR21;P;OR225;;LOCAL INFO CLIENT;RA;;03/10/2005;;;;
3463208;3463208;3463208;;;;OR21;P;OR225;;LOCAL INFO CLIENT;RA;;18/01/2006;;;;
3463293;3463293;3463293;;;;OR21;P;OR225;;LOCAL INFO CLIENT;RA;;29/09/2011;;;;
3463332;3463332;3463332;;;;OR21;P;OR225;;LOCAL INFO CLIENT;RA;;27/06/2011;;;;
3463386;3463386;3463386;;;;OR21;P;OR225;;LOCAL INFO CLIENT;RA;;11/04/2003;;;;
3463465;3463465;3463465;;;;OR21;P;OR225;;LOCAL INFO CLIENT;RA;;10/04/2009;;;;
3463546;3463546;3463546;;;;OR21;P;OR225;;LOCAL INFO CLIENT;RA;;09/04/2009;;;;
3463644;3463644;3463644;;;;OR21;P;OR225;;LOCAL INFO CLIENT;RA;;26/06/2006;;;;
3463864;3463864;3463864;;;;OR21;P;OR225;;LOCAL INFO CLIENT;RA;;10/09/2002;;;;
3463918;3463918;3463918;;;;OR21;P;OR225;;LOCAL INFO CLIENT;RA;;21/03/2005;;;;
3463982;3463982;3463982;;;;OR21;P;OR225;;LOCAL INFO CLIENT;RA;;27/01/2006;;;;
3464009;3464009;3464009;;;;OR21;P;OR225;;LOCAL INFO CLIENT;RA;;17/02/2009;;;;
3464067;3464067;3464067;;;;OR21;P;OR225;;LOCAL INFO CLIENT;RA;;25/01/2011;;;;
3464169;3464169;3464169;;;;OR21;P;OR225;;LOCAL INFO CLIENT;RA;;10/02/2011;;;;
3464241;3464241;3464241;;;;OR21;P;OR225;;LOCAL INFO CLIENT;RA;;03/01/2008;;;;
3464418;3464418;3464418;;;;OR21;P;OR225;;LOCAL INFO CLIENT;RA;;05/09/2006;;;;
3464443;3464443;3464443;;;;OR21;P;OR225;;LOCAL INFO CLIENT;RA;;29/04/2004;;;;
3464518;3464518;3464518;;;;OR21;P;OR225;;LOCAL INFO CLIENT;RA;;20/06/2011;;;;
3464523;3464523;3464523;;;;OR21;P;OR225;;LOCAL INFO CLIENT;RA;;03/12/2007;;;;
3464549;3464549;3464549;;;;OR21;P;OR225;;LOCAL INFO CLIENT;RA;;09/10/2007;;;;
3464556;3464556;3464556;;;;OR21;P;OR225;;LOCAL INFO CLIENT;RA;;21/10/2004;;;;
3464597;3464597;3464597;;;;OR21;P;OR225;;LOCAL INFO CLIENT;RA;;28/06/2004;;;;
3464630;3464630;3464630;;;;OR21;P;OR225;;LOCAL INFO CLIENT;RA;;27/05/2005;;;;
3464676;3464676;3464676;;;;OR21;P;OR225;;LOCAL INFO CLIENT;RA;;29/09/2011;;;;
3464809;3464809;3464809;;;;OR21;P;OR225;;LOCAL INFO CLIENT;RA;;27/11/2006;;;;
3464823;3464823;3464823;;;;OR21;P;OR225;;LOCAL INFO CLIENT;RA;;09/04/2009;;;;
3464883;3464883;3464883;;;;OR21;P;OR225;;LOCAL INFO CLIENT;RA;;13/10/2003;;;;
3464933;3464933;3464933;;;;OR21;P;OR225;;LOCAL INFO CLIENT;RA;;23/11/2009;;;;
3464949;3464949;3464949;;;;OR21;P;OR225;;LOCAL INFO CLIENT;RA;;17/01/2006;;;;
3464965;3464965;3464965;;;;OR21;P;OR225;;LOCAL INFO CLIENT;RA;;16/01/2006;;;;
3464972;3464972;3464972;;;;OR21;P;OR225;;LOCAL INFO CLIENT;RA;;11/07/2003;;;;
3464983;3464983;3464983;;;;OR21;P;OR225;;LOCAL INFO CLIENT;RA;;16/01/2006;;;;
3465011;3465011;3465011;;;;OR21;P;OR225;;LOCAL INFO CLIENT;RA;;17/01/2006;;;;
3465016;3465016;3465016;;;;OR21;P;OR225;;LOCAL INFO CLIENT;RA;;09/07/2009;;;;
3465024;3465024;3465024;;;;OR21;P;OR225;;LOCAL INFO CLIENT;RA;;06/02/2006;;;;
3465044;3465044;3465044;;;;OR21;P;OR225;;LOCAL INFO CLIENT;RA;;17/01/2006;;;;
3465084;3465084;3465084;;;;OR21;P;OR225;;LOCAL INFO CLIENT;RA;;12/04/2010;;;;
3465117;3465117;3465117;;;;OR21;P;OR225;;LOCAL INFO CLIENT;RA;;27/05/2003;;;;
3465123;3465123;3465123;;;;OR21;P;OR225;;LOCAL INFO CLIENT;RA;;21/03/2005;;;;
3465134;3465134;3465134;;;;OR21;P;OR225;;LOCAL INFO CLIENT;RA;;21/03/2005;;;;
3465164;3465164;3465164;;;;OR21;P;OR225;;LOCAL INFO CLIENT;RA;;14/09/2005;;;;
3465238;3465238;3465238;;;;OR21;P;OR225;;LOCAL INFO CLIENT;RA;;21/03/2005;;;;
3465311;3465311;3465311;;;;OR21;P;OR225;;LOCAL INFO CLIENT;RA;;21/03/2005;;;;
3941121;3941121;3941121;;;;OR21;P;OR225;;LOCAL INFO CLIENT;RA;;03/01/2013;;;;
4056321;4056321;4056321;;;;OR21;P;OR225;;LOCAL INFO CLIENT;RA;;22/01/2013;;;;
4248961;4248961;4248961;;;;OR21;P;OR225;;LOCAL INFO CLIENT;RA;;05/03/2013;;;;
4400978;4400978;4400978;;;;OR21;P;OR225;;LOCAL INFO CLIENT;RA;;03/04/2013;;;;
4678081;4678081;4678081;;;;OR21;P;OR225;;LOCAL INFO CLIENT;RA;;30/05/2013;;;;
4687041;4687041;4687041;;;;OR21;P;OR225;;LOCAL INFO CLIENT;RA;;31/05/2013;;;;
4702417;4702417;4702417;;;;OR21;P;OR225;;LOCAL INFO CLIENT;RA;;04/06/2013;;;;
5171841;5171841;5171841;;;;OR21;P;OR225;;LOCAL INFO CLIENT;RA;;11/09/2013;;;;
5174721;5174721;5174721;;;;OR21;P;OR225;;LOCAL INFO CLIENT;RA;;12/09/2013;;;;
5363217;5363217;5363217;;;;OR21;P;OR225;;LOCAL INFO CLIENT;RA;;15/11/2013;;;;
5760321;5760321;5760321;;;;OR21;P;OR225;;LOCAL INFO CLIENT;RA;;19/03/2014;;;;
5894753;5894753;5894753;;;;OR21;P;OR225;;LOCAL INFO CLIENT;RA;;30/04/2014;;;;
5909761;5909761;5909761;;;;OR21;P;OR225;;LOCAL INFO CLIENT;RA;;06/05/2014;;;;
6431073;6431073;6431073;;;;OR21;P;OR225;;LOCAL INFO CLIENT;RA;;04/11/2014;;;;
6449281;6449281;6449281;;;;OR21;P;OR225;;LOCAL INFO CLIENT;RA;;12/11/2014;;;;
7335489;7335489;7335489;;;;OR21;P;OR225;;LOCAL INFO CLIENT;RA;;15/03/2016;;;;
7686257;7686257;7686257;;;;OR21;P;OR225;;LOCAL INFO CLIENT;RA;;18/07/2016;;;;
8186129;8186129;8186129;;;;OR21;P;OR225;;LOCAL INFO CLIENT;RA;;23/11/2016;;;;
9370145;9370145;9370145;;;;OR21;P;OR225;;LOCAL INFO CLIENT;RA;;28/08/2017;;;;
10148065;10148065;10148065;;;;OR21;P;OR225;;LOCAL INFO CLIENT;RA;;04/04/2018;;;;
10167234;10167234;10167234;;;;OR21;P;OR225;;LOCAL INFO CLIENT;RA;;09/04/2018;;;;
11345169;11345169;11345169;;;;OR21;P;OR225;;LOCAL INFO CLIENT;RA;;22/02/2019;;;;
11381969;11381969;11381969;;;;OR21;P;OR225;;LOCAL INFO CLIENT;RA;;04/03/2019;;;;
11413635;11413635;11413635;;;;OR21;P;OR225;;LOCAL INFO CLIENT;RA;;11/03/2019;;;;
11778450;11778450;11778450;;;;OR21;P;OR225;;LOCAL INFO CLIENT;RA;;09/05/2019;;;;
11800849;11800849;11800849;;;;OR21;P;OR225;;LOCAL INFO CLIENT;RA;;14/05/2019;;;;
12349318;12349318;12349318;;;;OR21;P;OR225;;LOCAL INFO CLIENT;RA;;01/08/2019;;;;
12700682;12700682;12700682;;;;OR21;P;OR225;;LOCAL INFO CLIENT;RA;;19/09/2019;;;;
12749665;12749665;12749665;;;;OR21;P;OR225;;LOCAL INFO CLIENT;RA;;25/09/2019;;;;
12760582;12760582;12760582;;;;OR21;P;OR225;;LOCAL INFO CLIENT;RA;;26/09/2019;;;;
13900675;13900675;13900675;;;;OR21;P;OR225;;LOCAL INFO CLIENT;RA;;10/02/2020;;;;
14080863;14080863;14080863;;;;OR21;P;OR225;;LOCAL INFO CLIENT;RA;;02/03/2020;;;;
14272833;14272833;14272833;;;;OR21;P;OR225;;LOCAL INFO CLIENT;RA;;25/03/2020;;;;
16136534;16136534;16136534;;;;OR21;P;OR225;;LOCAL INFO CLIENT;RA;;29/09/2020;;;;
16162452;16162452;16162452;;;;OR21;P;OR225;;LOCAL INFO CLIENT;RA;;29/09/2020;;;;
16166933;16166933;16166933;;;;OR21;P;OR225;;LOCAL INFO CLIENT;RA;;30/09/2020;;;;
16167585;16167585;16167585;;;;OR21;P;OR225;;LOCAL INFO CLIENT;RA;;30/09/2020;;;;
17841224;17841224;17841224;;;;OR21;P;OR225;;LOCAL INFO CLIENT;RA;;17/03/2021;;;;
18295602;18295602;18295602;;;;OR21;P;OR225;;LOCAL INFO CLIENT;RA;;02/05/2021;;;;
19716753;19716753;19716753;;;;OR21;P;OR225;;LOCAL INFO CLIENT;RA;;06/09/2021;;;;
19745841;19745841;19745841;;;;OR21;P;OR225;;LOCAL INFO CLIENT;RA;;08/09/2021;;;;
19754802;19754802;19754802;;;;OR21;P;OR225;;LOCAL INFO CLIENT;RA;;09/09/2021;;;;
21835441;21835441;21835441;;;;OR21;P;OR225;;LOCAL INFO CLIENT;RA;;12/01/2022;;;;
22296881;22296881;22296881;;;;OR21;P;OR225;;LOCAL INFO CLIENT;RA;;21/02/2022;;;;
22305841;22305841;22305841;;;;OR21;P;OR225;;LOCAL INFO CLIENT;RA;;22/02/2022;;;;
24243761;24243761;24243761;;;;OR21;P;OR225;;LOCAL INFO CLIENT;RA;;21/07/2022;;;;
24595136;24595136;24595136;;;;OR21;P;OR225;;LOCAL INFO CLIENT;RA;;23/08/2022;;;;
24667764;24667764;24667764;;;;OR21;P;OR225;;LOCAL INFO CLIENT;RA;;30/08/2022;;;;
24859768;24859768;24859768;;;;OR21;P;OR225;;LOCAL INFO CLIENT;RA;;15/09/2022;;;;
26350972;26350972;26350972;;;;OR21;P;OR225;;LOCAL INFO CLIENT;RA;;10/01/2023;;;;
30508401;30508401;30508401;;;;OR21;P;OR225;;LOCAL INFO CLIENT;RA;;12/12/2023;;;;
30998001;30998001;30998001;;;;OR21;P;OR225;;LOCAL INFO CLIENT;RA;;13/02/2024;;;;
31584573;31584573;31584573;;;;OR21;P;OR225;;LOCAL INFO CLIENT;RA;;19/04/2024;;;;
3461306;3461306;3461306;;;;OR21;P;OR225;;LOCAL INFO CLIENT;RA;;24/09/2007;;;;
3461324;3461324;3461324;;;;OR21;P;OR225;;LOCAL INFO CLIENT;RA;;16/03/2010;;;;
3461393;3461393;3461393;;;;OR21;P;OR225;;LOCAL INFO CLIENT;RA;;29/08/2007;;;;
3461501;3461501;3461501;;;;OR21;P;OR225;;LOCAL INFO CLIENT;RA;;05/02/2009;;;;
3461880;3461880;3461880;;;;OR21;P;OR225;;LOCAL INFO CLIENT;RA;;21/10/2004;;;;
3461925;3461925;3461925;;;;OR21;P;OR225;;LOCAL INFO CLIENT;RA;;08/06/2007;;;;
3461992;3461992;3461992;;;;OR21;P;OR225;;LOCAL INFO CLIENT;RA;;09/09/2002;;;;
3462090;3462090;3462090;;;;OR21;P;OR225;;LOCAL INFO CLIENT;RA;;14/04/2004;;;;
3462531;3462531;3462531;;;;OR21;P;OR225;;LOCAL INFO CLIENT;RA;;09/12/2005;;;;
3462534;3462534;3462534;;;;OR21;P;OR225;;LOCAL INFO CLIENT;RA;;26/05/2011;;;;
3462972;3462972;3462972;;;;OR21;P;OR225;;LOCAL INFO CLIENT;RA;;06/08/2008;;;;
3462998;3462998;3462998;;;;OR21;P;OR225;;LOCAL INFO CLIENT;RA;;17/11/2005;;;;
3463034;3463034;3463034;;;;OR21;P;OR225;;LOCAL INFO CLIENT;RA;;01/03/2006;;;;
3463181;3463181;3463181;;;;OR21;P;OR225;;LOCAL INFO CLIENT;RA;;18/01/2006;;;;
3463321;3463321;3463321;;;;OR21;P;OR225;;LOCAL INFO CLIENT;RA;;23/12/2002;;;;
3463345;3463345;3463345;;;;OR21;P;OR225;;LOCAL INFO CLIENT;RA;;12/04/2005;;;;
3463355;3463355;3463355;;;;OR21;P;OR225;;LOCAL INFO CLIENT;RA;;25/06/2008;;;;
3463388;3463388;3463388;;;;OR21;P;OR225;;LOCAL INFO CLIENT;RA;;19/10/2006;;;;
3463447;3463447;3463447;;;;OR21;P;OR225;;LOCAL INFO CLIENT;RA;;18/10/2006;;;;
3463537;3463537;3463537;;;;OR21;P;OR225;;LOCAL INFO CLIENT;RA;;19/10/2006;;;;
3463629;3463629;3463629;;;;OR21;P;OR225;;LOCAL INFO CLIENT;RA;;04/11/2008;;;;
3464108;3464108;3464108;;;;OR21;P;OR225;;LOCAL INFO CLIENT;RA;;14/04/2004;;;;
3464162;3464162;3464162;;;;OR21;P;OR225;;LOCAL INFO CLIENT;RA;;05/02/2004;;;;
3464209;3464209;3464209;;;;OR21;P;OR225;;LOCAL INFO CLIENT;RA;;16/05/2006;;;;
3464267;3464267;3464267;;;;OR21;P;OR225;;LOCAL INFO CLIENT;RA;;06/12/2011;;;;
3464277;3464277;3464277;;;;OR21;P;OR225;;LOCAL INFO CLIENT;RA;;05/12/2007;;;;
3464304;3464304;3464304;;;;OR21;P;OR225;;LOCAL INFO CLIENT;RA;;05/02/2004;;;;
3464323;3464323;3464323;;;;OR21;P;OR225;;LOCAL INFO CLIENT;RA;;30/11/2006;;;;
3464347;3464347;3464347;;;;OR21;P;OR225;;LOCAL INFO CLIENT;RA;;31/10/2006;;;;
3464366;3464366;3464366;;;;OR21;P;OR225;;LOCAL INFO CLIENT;RA;;26/09/2005;;;;
3464371;3464371;3464371;;;;OR21;P;OR225;;LOCAL INFO CLIENT;RA;;31/03/2008;;;;
3464377;3464377;3464377;;;;OR21;P;OR225;;LOCAL INFO CLIENT;RA;;31/03/2008;;;;
3464422;3464422;3464422;;;;OR21;P;OR225;;LOCAL INFO CLIENT;RA;;29/04/2004;;;;
3464446;3464446;3464446;;;;OR21;P;OR225;;LOCAL INFO CLIENT;RA;;12/12/2003;;;;
3464539;3464539;3464539;;;;OR21;P;OR225;;LOCAL INFO CLIENT;RA;;09/10/2007;;;;
3464559;3464559;3464559;;;;OR21;P;OR225;;LOCAL INFO CLIENT;RA;;03/07/2004;;;;
3464627;3464627;3464627;;;;OR21;P;OR225;;LOCAL INFO CLIENT;RA;;09/12/2004;;;;
3464832;3464832;3464832;;;;OR21;P;OR225;;LOCAL INFO CLIENT;RA;;19/09/2005;;;;
3464929;3464929;3464929;;;;OR21;P;OR225;;LOCAL INFO CLIENT;RA;;12/11/2009;;;;
3464934;3464934;3464934;;;;OR21;P;OR225;;LOCAL INFO CLIENT;RA;;10/02/2006;;;;
3464948;3464948;3464948;;;;OR21;P;OR225;;LOCAL INFO CLIENT;RA;;19/12/2007;;;;
3464971;3464971;3464971;;;;OR21;P;OR225;;LOCAL INFO CLIENT;RA;;20/07/2006;;;;
3465002;3465002;3465002;;;;OR21;P;OR225;;LOCAL INFO CLIENT;RA;;06/02/2006;;;;
3465003;3465003;3465003;;;;OR21;P;OR225;;LOCAL INFO CLIENT;RA;;06/02/2006;;;;
3465004;3465004;3465004;;;;OR21;P;OR225;;LOCAL INFO CLIENT;RA;;06/02/2006;;;;
3465041;3465041;3465041;;;;OR21;P;OR225;;LOCAL INFO CLIENT;RA;;27/09/2007;;;;
3465061;3465061;3465061;;;;OR21;P;OR225;;LOCAL INFO CLIENT;RA;;23/11/2009;;;;
3465120;3465120;3465120;;;;OR21;P;OR225;;LOCAL INFO CLIENT;RA;;03/02/2010;;;;
3465131;3465131;3465131;;;;OR21;P;OR225;;LOCAL INFO CLIENT;RA;;21/03/2005;;;;
3465157;3465157;3465157;;;;OR21;P;OR225;;LOCAL INFO CLIENT;RA;;24/10/2006;;;;
3465161;3465161;3465161;;;;OR21;P;OR225;;LOCAL INFO CLIENT;RA;;22/07/2009;;;;
3465186;3465186;3465186;;;;OR21;P;OR225;;LOCAL INFO CLIENT;RA;;09/07/2004;;;;
3465212;3465212;3465212;;;;OR21;P;OR225;;LOCAL INFO CLIENT;RA;;27/12/2007;;;;
3465309;3465309;3465309;;;;OR21;P;OR225;;LOCAL INFO CLIENT;RA;;21/03/2005;;;;
3465324;3465324;3465324;;;;OR21;P;OR225;;LOCAL INFO CLIENT;RA;;03/02/2010;;;;
3670081;3670081;3670081;;;;OR21;P;OR225;;LOCAL INFO CLIENT;RA;;05/11/2012;;;;
3773761;3773761;3773761;;;;OR21;P;OR225;;LOCAL INFO CLIENT;RA;;27/11/2012;;;;
3824642;3824642;3824642;;;;OR21;P;OR225;;LOCAL INFO CLIENT;RA;;06/12/2012;;;;
4200001;4200001;4200001;;;;OR21;P;OR225;;LOCAL INFO CLIENT;RA;;22/02/2013;;;;
4401921;4401921;4401921;;;;OR21;P;OR225;;LOCAL INFO CLIENT;RA;;03/04/2013;;;;
4470721;4470721;4470721;;;;OR21;P;OR225;;LOCAL INFO CLIENT;RA;;15/04/2013;;;;
5171538;5171538;5171538;;;;OR21;P;OR225;;LOCAL INFO CLIENT;RA;;11/09/2013;;;;
5216017;5216017;5216017;;;;OR21;P;OR225;;LOCAL INFO CLIENT;RA;;27/09/2013;;;;
5216081;5216081;5216081;;;;OR21;P;OR225;;LOCAL INFO CLIENT;RA;;27/09/2013;;;;
5274273;5274273;5274273;;;;OR21;P;OR225;;LOCAL INFO CLIENT;RA;;17/10/2013;;;;
5311361;5311361;5311361;;;;OR21;P;OR225;;LOCAL INFO CLIENT;RA;;29/10/2013;;;;
5528961;5528961;5528961;;;;OR21;P;OR225;;LOCAL INFO CLIENT;RA;;14/01/2014;;;;
5591761;5591761;5591761;;;;OR21;P;OR225;;LOCAL INFO CLIENT;RA;;30/01/2014;;;;
5856721;5856721;5856721;;;;OR21;P;OR225;;LOCAL INFO CLIENT;RA;;17/04/2014;;;;
6375361;6375361;6375361;;;;OR21;P;OR225;;LOCAL INFO CLIENT;RA;;15/10/2014;;;;
6890114;6890114;6890114;;;;OR21;P;OR225;;LOCAL INFO CLIENT;RA;;15/09/2015;;;;
7482770;7482770;7482770;;;;OR21;P;OR225;;LOCAL INFO CLIENT;RA;;03/05/2016;;;;
10256849;10256849;10256849;;;;OR21;P;OR225;;LOCAL INFO CLIENT;RA;;11/05/2018;;;;
11383569;11383569;11383569;;;;OR21;P;OR225;;LOCAL INFO CLIENT;RA;;04/03/2019;;;;
11748993;11748993;11748993;;;;OR21;P;OR225;;LOCAL INFO CLIENT;RA;;03/05/2019;;;;
12384274;12384274;12384274;;;;OR21;P;OR225;;LOCAL INFO CLIENT;RA;;06/08/2019;;;;
12627123;12627123;12627123;;;;OR21;P;OR225;;LOCAL INFO CLIENT;RA;;11/09/2019;;;;
12701041;12701041;12701041;;;;OR21;P;OR225;;LOCAL INFO CLIENT;RA;;19/09/2019;;;;
12724675;12724675;12724675;;;;OR21;P;OR225;;LOCAL INFO CLIENT;RA;;23/09/2019;;;;
12749666;12749666;12749666;;;;OR21;P;OR225;;LOCAL INFO CLIENT;RA;;25/09/2019;;;;
13228993;13228993;13228993;;;;OR21;P;OR225;;LOCAL INFO CLIENT;RA;;19/11/2019;;;;
13230287;13230287;13230287;;;;OR21;P;OR225;;LOCAL INFO CLIENT;RA;;20/11/2019;;;;
13992849;13992849;13992849;;;;OR21;P;OR225;;LOCAL INFO CLIENT;RA;;19/02/2020;;;;
15121794;15121794;15121794;;;;OR21;P;OR225;;LOCAL INFO CLIENT;RA;;24/06/2020;;;;
15435426;15435426;15435426;;;;OR21;P;OR225;;LOCAL INFO CLIENT;RA;;23/07/2020;;;;
15553474;15553474;15553474;;;;OR21;P;OR225;;LOCAL INFO CLIENT;RA;;05/08/2020;;;;
15595073;15595073;15595073;;;;OR21;P;OR225;;LOCAL INFO CLIENT;RA;;10/08/2020;;;;
16139736;16139736;16139736;;;;OR21;P;OR225;;LOCAL INFO CLIENT;RA;;28/09/2020;;;;
16165973;16165973;16165973;;;;OR21;P;OR225;;LOCAL INFO CLIENT;RA;;30/09/2020;;;;
16168562;16168562;16168562;;;;OR21;P;OR225;;LOCAL INFO CLIENT;RA;;30/09/2020;;;;
16185171;16185171;16185171;;;;OR21;P;OR225;;LOCAL INFO CLIENT;RA;;01/10/2020;;;;
16195093;16195093;16195093;;;;OR21;P;OR225;;LOCAL INFO CLIENT;RA;;02/10/2020;;;;
16214945;16214945;16214945;;;;OR21;P;OR225;;LOCAL INFO CLIENT;RA;;05/10/2020;;;;
16244705;16244705;16244705;;;;OR21;P;OR225;;LOCAL INFO CLIENT;RA;;07/10/2020;;;;
16357060;16357060;16357060;;;;OR21;P;OR225;;LOCAL INFO CLIENT;RA;;19/10/2020;;;;
16391900;16391900;16391900;;;;OR21;P;OR225;;LOCAL INFO CLIENT;RA;;21/10/2020;;;;
16555762;16555762;16555762;;;;OR21;P;OR225;;LOCAL INFO CLIENT;RA;;09/11/2020;;;;
18325361;18325361;18325361;;;;OR21;P;OR225;;LOCAL INFO CLIENT;RA;;04/05/2021;;;;
19303921;19303921;19303921;;;;OR21;P;OR225;;LOCAL INFO CLIENT;RA;;27/07/2021;;;;
19364723;19364723;19364723;;;;OR21;P;OR225;;LOCAL INFO CLIENT;RA;;02/08/2021;;;;
19700084;19700084;19700084;;;;OR21;P;OR225;;LOCAL INFO CLIENT;RA;;06/09/2021;;;;
19702641;19702641;19702641;;;;OR21;P;OR225;;LOCAL INFO CLIENT;RA;;06/09/2021;;;;
19704883;19704883;19704883;;;;OR21;P;OR225;;LOCAL INFO CLIENT;RA;;06/09/2021;;;;
19711602;19711602;19711602;;;;OR21;P;OR225;;LOCAL INFO CLIENT;RA;;06/09/2021;;;;
19716758;19716758;19716758;;;;OR21;P;OR225;;LOCAL INFO CLIENT;RA;;06/09/2021;;;;
22281841;22281841;22281841;;;;OR21;P;OR225;;LOCAL INFO CLIENT;RA;;21/02/2022;;;;
22316114;22316114;22316114;;;;OR21;P;OR225;;LOCAL INFO CLIENT;RA;;23/02/2022;;;;
24190641;24190641;24190641;;;;OR21;P;OR225;;LOCAL INFO CLIENT;RA;;15/07/2022;;;;
24615921;24615921;24615921;;;;OR21;P;OR225;;LOCAL INFO CLIENT;RA;;24/08/2022;;;;
24662329;24662329;24662329;;;;OR21;P;OR225;;LOCAL INFO CLIENT;RA;;29/08/2022;;;;
24671283;24671283;24671283;;;;OR21;P;OR225;;LOCAL INFO CLIENT;RA;;30/08/2022;;;;
24671602;24671602;24671602;;;;OR21;P;OR225;;LOCAL INFO CLIENT;RA;;30/08/2022;;;;
24739441;24739441;24739441;;;;OR21;P;OR225;;LOCAL INFO CLIENT;RA;;05/09/2022;;;;
27305521;27305521;27305521;;;;OR21;P;OR225;;LOCAL INFO CLIENT;RA;;06/03/2023;;;;
29810163;29810163;29810163;;;;OR21;P;OR225;;LOCAL INFO CLIENT;RA;;05/10/2023;;;;
30028091;30028091;30028091;;;;OR21;P;OR225;;LOCAL INFO CLIENT;RA;;26/10/2023;;;;
31531121;31531121;31531121;;;;OR21;P;OR225;;LOCAL INFO CLIENT;RA;;14/04/2024;;;;
31558324;31558324;31558324;;;;OR21;P;OR225;;LOCAL INFO CLIENT;RA;;17/04/2024;;;;
16167889;16167889;16167889;;;;OR21;P;OR23;;LOCAL INFO CLIENT;RA;;30/09/2020;;;;
3464602;3464602;3464602;;;;OR21;P;OR224;;LOCAL INFO CLIENT;RA;;28/12/2009;;;;
3464603;3464603;3464603;;;;OR21;P;OR224;;LOCAL INFO CLIENT;RA;;30/09/2011;;;;
3464609;3464609;3464609;;;;OR21;P;OR224;;LOCAL INFO CLIENT;RA;;07/09/2011;;;;
3464611;3464611;3464611;;;;OR21;P;OR224;;LOCAL INFO CLIENT;RA;;25/03/2011;;;;
3465203;3465203;3465203;;;;OR21;P;OR224;;LOCAL INFO CLIENT;RA;;21/03/2005;;;;
3464595;3464595;3464595;;;;OR21;P;OR224;;LOCAL INFO CLIENT;RA;;28/12/2009;;;;
3464615;3464615;3464615;;;;OR21;P;OR224;;LOCAL INFO CLIENT;RA;;18/10/2004;;;;
3464596;3464596;3464596;;;;OR21;P;OR224;;LOCAL INFO CLIENT;RA;;04/01/2010;;;;
3464608;3464608;3464608;;;;OR21;P;OR224;;LOCAL INFO CLIENT;RA;;03/05/2010;;;;
3464593;3464593;3464593;;;;OR21;P;OR224;;LOCAL INFO CLIENT;RA;;12/10/2011;;;;
3464604;3464604;3464604;;;;OR21;P;OR224;;LOCAL INFO CLIENT;RA;;29/07/2008;;;;
3464711;3464711;3464711;;;;OR21;P;OR224;;LOCAL INFO CLIENT;RA;;25/09/2007;;;;
3463480;3463480;3463480;;;;OR21;P;OR21;;LOCAL INFO CLIENT;RA;;18/11/2010;;;;
3465023;3465023;3465023;;;;OR21;P;OR21;;LOCAL INFO CLIENT;RA;;21/11/2007;;;;
3562321;3562321;3562321;;;;OR21;P;OR21;;LOCAL INFO CLIENT;RA;;09/10/2012;;;;
5032993;5032993;5032993;;;;OR21;P;OR21;;LOCAL INFO CLIENT;RA;;22/07/2013;;;;
5455377;5455377;5455377;;;;OR21;P;OR21;;LOCAL INFO CLIENT;RA;;12/12/2013;;;;
12370116;12370116;12370116;;;;OR21;P;OR21;;LOCAL INFO CLIENT;RA;;05/08/2019;;;;
14094275;14094275;14094275;;;;OR21;P;OR21;;LOCAL INFO CLIENT;RA;;03/03/2020;;;;
19286002;19286002;19286002;;;;OR21;P;OR21;;LOCAL INFO CLIENT;RA;;26/07/2021;;;;
3461352;3461352;3461352;;;;OR21;P;OR21;;LOCAL INFO CLIENT;RA;;26/04/2010;;;;
4833601;4833601;4833601;;;;OR21;P;OR21;;LOCAL INFO CLIENT;RA;;21/06/2013;;;;
5513297;5513297;5513297;;;;OR21;P;OR21;;LOCAL INFO CLIENT;RA;;08/01/2014;;;;
5587521;5587521;5587521;;;;OR21;P;OR21;;LOCAL INFO CLIENT;RA;;29/01/2014;;;;
12342676;12342676;12342676;;;;OR21;P;OR21;;LOCAL INFO CLIENT;RA;;31/07/2019;;;;
16231570;16231570;16231570;;;;OR21;P;OR21;;LOCAL INFO CLIENT;RA;;06/10/2020;;;;
4127090;4127090;4127090;;;;OR21;P;OR21;;LOCAL INFO CLIENT;RA;;06/02/2013;;;;
6310113;6310113;6310113;;;;OR21;P;OR21;;LOCAL INFO CLIENT;RA;;23/09/2014;;;;
11765347;11765347;11765347;;;;OR21;P;OR21;;LOCAL INFO CLIENT;RA;;07/05/2019;;;;
5999393;5999393;5999393;;;;OR21;P;OR21;;LOCAL INFO CLIENT;RA;;05/06/2014;;;;
6893233;6893233;6893233;;;;OR21;P;OR21;;LOCAL INFO CLIENT;RA;;16/09/2015;;;;
13249794;13249794;13249794;;;;OR21;P;OR21;;LOCAL INFO CLIENT;RA;;21/11/2019;;;;
13271235;13271235;13271235;;;;OR21;P;OR21;;LOCAL INFO CLIENT;RA;;25/11/2019;;;;
13283409;13283409;13283409;;;;OR21;P;OR21;;LOCAL INFO CLIENT;RA;;26/11/2019;;;;
13352529;13352529;13352529;;;;OR21;P;OR21;;LOCAL INFO CLIENT;RA;;02/12/2019;;;;
14021314;14021314;14021314;;;;OR21;P;OR21;;LOCAL INFO CLIENT;RA;;24/02/2020;;;;
16258163;16258163;16258163;;;;OR21;P;OR21;;LOCAL INFO CLIENT;RA;;08/10/2020;;;;
3464250;3464250;3464250;;;;OR21;P;OR21;;LOCAL INFO CLIENT;RA;;21/01/2010;;;;
5270081;5270081;5270081;;;;OR21;P;OR21;;LOCAL INFO CLIENT;RA;;16/10/2013;;;;
5568017;5568017;5568017;;;;OR21;P;OR21;;LOCAL INFO CLIENT;RA;;23/01/2014;;;;
12342675;12342675;12342675;;;;OR21;P;OR21;;LOCAL INFO CLIENT;RA;;31/07/2019;;;;
16168849;16168849;16168849;;;;OR21;P;OR21;;LOCAL INFO CLIENT;RA;;30/09/2020;;;;
18237363;18237363;18237363;;;;OR21;P;OR21;;LOCAL INFO CLIENT;RA;;27/04/2021;;;;
4186577;4186577;4186577;;;;OR21;P;OR21;;LOCAL INFO CLIENT;RA;;19/02/2013;;;;
4660481;4660481;4660481;;;;OR21;P;OR21;;LOCAL INFO CLIENT;RA;;28/05/2013;;;;
4820482;4820482;4820482;;;;OR21;P;OR21;;LOCAL INFO CLIENT;RA;;20/06/2013;;;;
5205761;5205761;5205761;;;;OR21;P;OR21;;LOCAL INFO CLIENT;RA;;24/09/2013;;;;
15456844;15456844;15456844;;;;OR21;P;OR21;;LOCAL INFO CLIENT;RA;;26/07/2020;;;;
16053970;16053970;16053970;;;;OR21;P;OR21;;LOCAL INFO CLIENT;RA;;21/09/2020;;;;
22941724;22941724;22941724;;;;OR21;P;OR21;;LOCAL INFO CLIENT;RA;;08/04/2022;;;;
3463007;3463007;3463007;;;;OR21;P;OR21;;LOCAL INFO CLIENT;RA;;12/07/2010;;;;
3464526;3464526;3464526;;;;OR21;P;OR21;;LOCAL INFO CLIENT;RA;;03/12/2007;;;;
4108161;4108161;4108161;;;;OR21;P;OR21;;LOCAL INFO CLIENT;RA;;31/01/2013;;;;
5033601;5033601;5033601;;;;OR21;P;OR21;;LOCAL INFO CLIENT;RA;;22/07/2013;;;;
5156161;5156161;5156161;;;;OR21;P;OR21;;LOCAL INFO CLIENT;RA;;06/09/2013;;;;
12371411;12371411;12371411;;;;OR21;P;OR21;;LOCAL INFO CLIENT;RA;;05/08/2019;;;;
13249793;13249793;13249793;;;;OR21;P;OR21;;LOCAL INFO CLIENT;RA;;21/11/2019;;;;
13416884;13416884;13416884;;;;OR21;P;OR21;;LOCAL INFO CLIENT;RA;;11/12/2019;;;;
3461275;3461275;3461275;;;;OR21;P;OR21;;LOCAL INFO CLIENT;RA;;27/04/2012;;;;
3464329;3464329;3464329;;;;OR21;P;OR21;;LOCAL INFO CLIENT;RA;;28/09/2010;;;;
3464342;3464342;3464342;;;;OR21;P;OR21;;LOCAL INFO CLIENT;RA;;29/04/2010;;;;
3464436;3464436;3464436;;;;OR21;P;OR21;;LOCAL INFO CLIENT;RA;;23/02/2011;;;;
3464638;3464638;3464638;;;;OR21;P;OR21;;LOCAL INFO CLIENT;RA;;29/09/2011;;;;
3465031;3465031;3465031;;;;OR21;P;OR21;;LOCAL INFO CLIENT;RA;;12/12/2011;;;;
3465056;3465056;3465056;;;;OR21;P;OR21;;LOCAL INFO CLIENT;RA;;08/04/2010;;;;
5146881;5146881;5146881;;;;OR21;P;OR21;;LOCAL INFO CLIENT;RA;;03/09/2013;;;;
11385793;11385793;11385793;;;;OR21;P;OR21;;LOCAL INFO CLIENT;RA;;04/03/2019;;;;
12371410;12371410;12371410;;;;OR21;P;OR21;;LOCAL INFO CLIENT;RA;;05/08/2019;;;;
16168538;16168538;16168538;;;;OR21;P;OR21;;LOCAL INFO CLIENT;RA;;30/09/2020;;;;
25925682;25925682;25925682;;;;OR21;P;OR21;;LOCAL INFO CLIENT;RA;;06/12/2022;;;;
6838897;6838897;6838897;;;;OR21;P;OR13;;LOCAL INFO CLIENT;RA;;17/08/2015;;;;
3462928;3462928;3462928;;;;OR21;P;OR222;;LOCAL INFO CLIENT;RA;;09/03/2012;;;;
3463555;3463555;3463555;;;;OR21;P;OR222;;LOCAL INFO CLIENT;RA;;22/07/2009;;;;
3464388;3464388;3464388;;;;OR21;P;OR222;;LOCAL INFO CLIENT;RA;;22/07/2010;;;;
3464433;3464433;3464433;;;;OR21;P;OR222;;LOCAL INFO CLIENT;RA;;19/01/2010;;;;
3464648;3464648;3464648;;;;OR21;P;OR222;;LOCAL INFO CLIENT;RA;;23/09/2009;;;;
3464668;3464668;3464668;;;;OR21;P;OR222;;LOCAL INFO CLIENT;RA;;23/09/2009;;;;
3464815;3464815;3464815;;;;OR21;P;OR222;;LOCAL INFO CLIENT;RA;;22/07/2009;;;;
3464873;3464873;3464873;;;;OR21;P;OR222;;LOCAL INFO CLIENT;RA;;22/07/2009;;;;
3465013;3465013;3465013;;;;OR21;P;OR222;;LOCAL INFO CLIENT;RA;;17/07/2009;;;;
3465014;3465014;3465014;;;;OR21;P;OR222;;LOCAL INFO CLIENT;RA;;22/07/2009;;;;
3465080;3465080;3465080;;;;OR21;P;OR222;;LOCAL INFO CLIENT;RA;;22/07/2009;;;;
3465146;3465146;3465146;;;;OR21;P;OR222;;LOCAL INFO CLIENT;RA;;21/07/2009;;;;
3465154;3465154;3465154;;;;OR21;P;OR222;;LOCAL INFO CLIENT;RA;;21/07/2009;;;;
3465253;3465253;3465253;;;;OR21;P;OR222;;LOCAL INFO CLIENT;RA;;21/07/2009;;;;
3461331;3461331;3461331;;;;OR21;P;OR222;;LOCAL INFO CLIENT;RA;;07/09/2009;;;;
3461609;3461609;3461609;;;;OR21;P;OR222;;LOCAL INFO CLIENT;RA;;24/12/2003;;;;
3463468;3463468;3463468;;;;OR21;P;OR222;;LOCAL INFO CLIENT;RA;;22/07/2009;;;;
3463471;3463471;3463471;;;;OR21;P;OR222;;LOCAL INFO CLIENT;RA;;22/07/2009;;;;
3463655;3463655;3463655;;;;OR21;P;OR222;;LOCAL INFO CLIENT;RA;;22/07/2009;;;;
3463710;3463710;3463710;;;;OR21;P;OR222;;LOCAL INFO CLIENT;RA;;17/07/2009;;;;
3464887;3464887;3464887;;;;OR21;P;OR222;;LOCAL INFO CLIENT;RA;;22/07/2009;;;;
3464899;3464899;3464899;;;;OR21;P;OR222;;LOCAL INFO CLIENT;RA;;17/07/2009;;;;
3464957;3464957;3464957;;;;OR21;P;OR222;;LOCAL INFO CLIENT;RA;;22/07/2009;;;;
3465063;3465063;3465063;;;;OR21;P;OR222;;LOCAL INFO CLIENT;RA;;22/07/2009;;;;
3465143;3465143;3465143;;;;OR21;P;OR222;;LOCAL INFO CLIENT;RA;;21/07/2009;;;;
3465145;3465145;3465145;;;;OR21;P;OR222;;LOCAL INFO CLIENT;RA;;21/07/2009;;;;
3465156;3465156;3465156;;;;OR21;P;OR222;;LOCAL INFO CLIENT;RA;;21/07/2009;;;;
3465179;3465179;3465179;;;;OR21;P;OR222;;LOCAL INFO CLIENT;RA;;17/07/2009;;;;
3463560;3463560;3463560;;;;OR21;P;OR222;;LOCAL INFO CLIENT;RA;;22/07/2009;;;;
3463563;3463563;3463563;;;;OR21;P;OR222;;LOCAL INFO CLIENT;RA;;22/07/2009;;;;
3463638;3463638;3463638;;;;OR21;P;OR222;;LOCAL INFO CLIENT;RA;;22/07/2009;;;;
3463722;3463722;3463722;;;;OR21;P;OR222;;LOCAL INFO CLIENT;RA;;22/07/2009;;;;
3464061;3464061;3464061;;;;OR21;P;OR222;;LOCAL INFO CLIENT;RA;;16/01/2012;;;;
3464410;3464410;3464410;;;;OR21;P;OR222;;LOCAL INFO CLIENT;RA;;03/08/2009;;;;
3464439;3464439;3464439;;;;OR21;P;OR222;;LOCAL INFO CLIENT;RA;;03/08/2009;;;;
3464442;3464442;3464442;;;;OR21;P;OR222;;LOCAL INFO CLIENT;RA;;03/08/2009;;;;
3464814;3464814;3464814;;;;OR21;P;OR222;;LOCAL INFO CLIENT;RA;;08/12/2009;;;;
3464900;3464900;3464900;;;;OR21;P;OR222;;LOCAL INFO CLIENT;RA;;22/07/2009;;;;
3465066;3465066;3465066;;;;OR21;P;OR222;;LOCAL INFO CLIENT;RA;;22/07/2009;;;;
3465141;3465141;3465141;;;;OR21;P;OR222;;LOCAL INFO CLIENT;RA;;21/07/2009;;;;
3465174;3465174;3465174;;;;OR21;P;OR222;;LOCAL INFO CLIENT;RA;;21/07/2009;;;;
3465201;3465201;3465201;;;;OR21;P;OR222;;LOCAL INFO CLIENT;RA;;21/07/2009;;;;
3465255;3465255;3465255;;;;OR21;P;OR222;;LOCAL INFO CLIENT;RA;;20/07/2009;;;;
3465272;3465272;3465272;;;;OR21;P;OR222;;LOCAL INFO CLIENT;RA;;22/07/2009;;;;
5589507;5589507;5589507;;;;OR21;P;OR222;;LOCAL INFO CLIENT;RA;;29/01/2014;;;;
3462071;3462071;3462071;;;;OR21;P;OR222;;LOCAL INFO CLIENT;RA;;24/08/2009;;;;
3462701;3462701;3462701;;;;OR21;P;OR222;;LOCAL INFO CLIENT;RA;;05/12/2007;;;;
3463359;3463359;3463359;;;;OR21;P;OR222;;LOCAL INFO CLIENT;RA;;22/07/2009;;;;
3463526;3463526;3463526;;;;OR21;P;OR222;;LOCAL INFO CLIENT;RA;;22/07/2009;;;;
3463634;3463634;3463634;;;;OR21;P;OR222;;LOCAL INFO CLIENT;RA;;22/07/2009;;;;
3463651;3463651;3463651;;;;OR21;P;OR222;;LOCAL INFO CLIENT;RA;;22/07/2009;;;;
3463683;3463683;3463683;;;;OR21;P;OR222;;LOCAL INFO CLIENT;RA;;22/07/2009;;;;
3464376;3464376;3464376;;;;OR21;P;OR222;;LOCAL INFO CLIENT;RA;;23/04/2009;;;;
3464407;3464407;3464407;;;;OR21;P;OR222;;LOCAL INFO CLIENT;RA;;03/08/2009;;;;
3464573;3464573;3464573;;;;OR21;P;OR222;;LOCAL INFO CLIENT;RA;;01/02/2010;;;;
3464658;3464658;3464658;;;;OR21;P;OR222;;LOCAL INFO CLIENT;RA;;23/09/2009;;;;
3464892;3464892;3464892;;;;OR21;P;OR222;;LOCAL INFO CLIENT;RA;;22/07/2009;;;;
3464904;3464904;3464904;;;;OR21;P;OR222;;LOCAL INFO CLIENT;RA;;22/07/2009;;;;
3464984;3464984;3464984;;;;OR21;P;OR222;;LOCAL INFO CLIENT;RA;;22/07/2009;;;;
3465030;3465030;3465030;;;;OR21;P;OR222;;LOCAL INFO CLIENT;RA;;22/07/2009;;;;
3465037;3465037;3465037;;;;OR21;P;OR222;;LOCAL INFO CLIENT;RA;;22/07/2009;;;;
3465043;3465043;3465043;;;;OR21;P;OR222;;LOCAL INFO CLIENT;RA;;17/07/2009;;;;
3465045;3465045;3465045;;;;OR21;P;OR222;;LOCAL INFO CLIENT;RA;;22/07/2009;;;;
3465167;3465167;3465167;;;;OR21;P;OR222;;LOCAL INFO CLIENT;RA;;21/07/2009;;;;
3465225;3465225;3465225;;;;OR21;P;OR222;;LOCAL INFO CLIENT;RA;;21/07/2009;;;;
3465245;3465245;3465245;;;;OR21;P;OR222;;LOCAL INFO CLIENT;RA;;21/07/2009;;;;
3465254;3465254;3465254;;;;OR21;P;OR222;;LOCAL INFO CLIENT;RA;;21/07/2009;;;;
3463384;3463384;3463384;;;;OR21;P;OR222;;LOCAL INFO CLIENT;RA;;22/07/2009;;;;
3463492;3463492;3463492;;;;OR21;P;OR222;;LOCAL INFO CLIENT;RA;;22/07/2009;;;;
3463528;3463528;3463528;;;;OR21;P;OR222;;LOCAL INFO CLIENT;RA;;22/07/2009;;;;
3463533;3463533;3463533;;;;OR21;P;OR222;;LOCAL INFO CLIENT;RA;;22/07/2009;;;;
3463548;3463548;3463548;;;;OR21;P;OR222;;LOCAL INFO CLIENT;RA;;22/07/2009;;;;
3463608;3463608;3463608;;;;OR21;P;OR222;;LOCAL INFO CLIENT;RA;;22/07/2009;;;;
3463669;3463669;3463669;;;;OR21;P;OR222;;LOCAL INFO CLIENT;RA;;22/07/2009;;;;
3463704;3463704;3463704;;;;OR21;P;OR222;;LOCAL INFO CLIENT;RA;;22/07/2009;;;;
3464327;3464327;3464327;;;;OR21;P;OR222;;LOCAL INFO CLIENT;RA;;16/02/2010;;;;
3464400;3464400;3464400;;;;OR21;P;OR222;;LOCAL INFO CLIENT;RA;;21/01/2010;;;;
3464415;3464415;3464415;;;;OR21;P;OR222;;LOCAL INFO CLIENT;RA;;03/08/2009;;;;
3464879;3464879;3464879;;;;OR21;P;OR222;;LOCAL INFO CLIENT;RA;;17/07/2009;;;;
3464920;3464920;3464920;;;;OR21;P;OR222;;LOCAL INFO CLIENT;RA;;22/07/2009;;;;
3465050;3465050;3465050;;;;OR21;P;OR222;;LOCAL INFO CLIENT;RA;;22/07/2009;;;;
3465055;3465055;3465055;;;;OR21;P;OR222;;LOCAL INFO CLIENT;RA;;17/07/2009;;;;
3465059;3465059;3465059;;;;OR21;P;OR222;;LOCAL INFO CLIENT;RA;;22/07/2009;;;;
3465072;3465072;3465072;;;;OR21;P;OR222;;LOCAL INFO CLIENT;RA;;22/07/2009;;;;
3465191;3465191;3465191;;;;OR21;P;OR222;;LOCAL INFO CLIENT;RA;;17/07/2009;;;;
3465208;3465208;3465208;;;;OR21;P;OR222;;LOCAL INFO CLIENT;RA;;20/07/2009;;;;
3465235;3465235;3465235;;;;OR21;P;OR222;;LOCAL INFO CLIENT;RA;;17/01/2012;;;;
3465266;3465266;3465266;;;;OR21;P;OR222;;LOCAL INFO CLIENT;RA;;22/07/2009;;;;
3463278;3463278;3463278;;;;OR21;P;OR222;;LOCAL INFO CLIENT;RA;;22/07/2009;;;;
3463296;3463296;3463296;;;;OR21;P;OR222;;LOCAL INFO CLIENT;RA;;20/07/2009;;;;
3463564;3463564;3463564;;;;OR21;P;OR222;;LOCAL INFO CLIENT;RA;;22/07/2009;;;;
3463593;3463593;3463593;;;;OR21;P;OR222;;LOCAL INFO CLIENT;RA;;22/07/2009;;;;
3463695;3463695;3463695;;;;OR21;P;OR222;;LOCAL INFO CLIENT;RA;;22/07/2009;;;;
3464579;3464579;3464579;;;;OR21;P;OR222;;LOCAL INFO CLIENT;RA;;01/02/2010;;;;
3464677;3464677;3464677;;;;OR21;P;OR222;;LOCAL INFO CLIENT;RA;;06/10/2009;;;;
3464864;3464864;3464864;;;;OR21;P;OR222;;LOCAL INFO CLIENT;RA;;22/07/2009;;;;
3464922;3464922;3464922;;;;OR21;P;OR222;;LOCAL INFO CLIENT;RA;;20/07/2009;;;;
3464956;3464956;3464956;;;;OR21;P;OR222;;LOCAL INFO CLIENT;RA;;20/07/2009;;;;
3465053;3465053;3465053;;;;OR21;P;OR222;;LOCAL INFO CLIENT;RA;;22/07/2009;;;;
3465250;3465250;3465250;;;;OR21;P;OR222;;LOCAL INFO CLIENT;RA;;17/07/2009;;;;
3465258;3465258;3465258;;;;OR21;P;OR222;;LOCAL INFO CLIENT;RA;;22/07/2009;;;;
3463486;3463486;3463486;;;;OR21;P;OR222;;LOCAL INFO CLIENT;RA;;22/07/2009;;;;
3463558;3463558;3463558;;;;OR21;P;OR222;;LOCAL INFO CLIENT;RA;;22/07/2009;;;;
3463594;3463594;3463594;;;;OR21;P;OR222;;LOCAL INFO CLIENT;RA;;22/07/2009;;;;
3463599;3463599;3463599;;;;OR21;P;OR222;;LOCAL INFO CLIENT;RA;;22/07/2009;;;;
3464406;3464406;3464406;;;;OR21;P;OR222;;LOCAL INFO CLIENT;RA;;23/09/2009;;;;
3464440;3464440;3464440;;;;OR21;P;OR222;;LOCAL INFO CLIENT;RA;;03/08/2009;;;;
3464468;3464468;3464468;;;;OR21;P;OR222;;LOCAL INFO CLIENT;RA;;18/01/2012;;;;
3464646;3464646;3464646;;;;OR21;P;OR222;;LOCAL INFO CLIENT;RA;;23/09/2009;;;;
3464871;3464871;3464871;;;;OR21;P;OR222;;LOCAL INFO CLIENT;RA;;20/07/2009;;;;
3465049;3465049;3465049;;;;OR21;P;OR222;;LOCAL INFO CLIENT;RA;;22/07/2009;;;;
3465126;3465126;3465126;;;;OR21;P;OR222;;LOCAL INFO CLIENT;RA;;21/07/2009;;;;
3465158;3465158;3465158;;;;OR21;P;OR222;;LOCAL INFO CLIENT;RA;;17/07/2009;;;;
3465166;3465166;3465166;;;;OR21;P;OR222;;LOCAL INFO CLIENT;RA;;21/07/2009;;;;
3465189;3465189;3465189;;;;OR21;P;OR222;;LOCAL INFO CLIENT;RA;;21/07/2009;;;;
3465197;3465197;3465197;;;;OR21;P;OR222;;LOCAL INFO CLIENT;RA;;21/07/2009;;;;
3465257;3465257;3465257;;;;OR21;P;OR222;;LOCAL INFO CLIENT;RA;;21/07/2009;;;;
3463650;3463650;3463650;;;;OR21;P;OR222;;LOCAL INFO CLIENT;RA;;22/07/2009;;;;
3463708;3463708;3463708;;;;OR21;P;OR222;;LOCAL INFO CLIENT;RA;;22/07/2009;;;;
3464398;3464398;3464398;;;;OR21;P;OR222;;LOCAL INFO CLIENT;RA;;04/09/2009;;;;
3464476;3464476;3464476;;;;OR21;P;OR222;;LOCAL INFO CLIENT;RA;;01/12/2011;;;;
3464761;3464761;3464761;;;;OR21;P;OR222;;LOCAL INFO CLIENT;RA;;30/12/2011;;;;
3464841;3464841;3464841;;;;OR21;P;OR222;;LOCAL INFO CLIENT;RA;;22/07/2009;;;;
3464882;3464882;3464882;;;;OR21;P;OR222;;LOCAL INFO CLIENT;RA;;22/07/2009;;;;
3465021;3465021;3465021;;;;OR21;P;OR222;;LOCAL INFO CLIENT;RA;;22/07/2009;;;;
3465100;3465100;3465100;;;;OR21;P;OR222;;LOCAL INFO CLIENT;RA;;22/07/2009;;;;
3465132;3465132;3465132;;;;OR21;P;OR222;;LOCAL INFO CLIENT;RA;;21/07/2009;;;;
3465232;3465232;3465232;;;;OR21;P;OR222;;LOCAL INFO CLIENT;RA;;21/07/2009;;;;
3465260;3465260;3465260;;;;OR21;P;OR222;;LOCAL INFO CLIENT;RA;;20/07/2009;;;;
5589505;5589505;5589505;;;;OR21;P;OR222;;LOCAL INFO CLIENT;RA;;29/01/2014;;;;
