ti_code;ti_codeext;ti_etiquet;ti_ba_code;ti_prop;ti_etat;ti_type;ti_rf_code;ti_taille;ti_placemt;ti_localis;ti_comment;ti_creadat;ti_majdate;ti_majsrc;ti_abddate;ti_abdsrc
5529755;5529755;BO-0000043Y-TIROIR 13- AO 001-012;3005372;OR21;;TIROIR;RF195;;0;;site mono-fibre;12/06/2014 00:00;;;;
5970076;5970076;AJ-073-084;3005464;OR21;;TIROIR;RF195;;0;;site mono-fibre;19/11/2014 00:00;;;;
2998506;2998506;TETE ?;3128140;OR21;;TIROIR;RF195;;0;;site mono-fibre;15/10/2012 00:00;;;;
10538447;10538447;BAIE BO-000003GO - TIROIR 4 - NEXANS - AG 001-072;3005786;OR21;;TIROIR;RF193;;0;;site mono-fibre;30/01/2019 00:00;;;;
11509616;11509616;TI-FR-000003BA-XXX - AD 073-084;3004869;OR21;;TIROIR;RF195;;0;;site mono-fibre;17/09/2019 00:00;;;;
5014826;5014826;TIROIR IRISE - LOC POUR BOUYGUES;3128140;OR21;;TIROIR;RF195;;0;;site mono-fibre;03/01/2014 00:00;;;;
5101244;5101244;TIROIR-AA;4642397;OR21;;TIROIR;RF196;1;0;;site mono-fibre;29/01/2014 00:00;;;;
5529760;5529760;BO-0000043Y-TIROIR 14- AO 013-024;3005372;OR21;;TIROIR;RF195;;0;;site mono-fibre;12/06/2014 00:00;;;;
5529769;5529769;BO-0000043Y-TIROIR 23- AO 121-132;3005372;OR21;;TIROIR;RF195;;0;;site mono-fibre;12/06/2014 00:00;;;;
5970077;5970077;AJ-085-096;3005464;OR21;;TIROIR;RF195;;0;;site mono-fibre;19/11/2014 00:00;;;;
5970075;5970075;AJ-061-072;3005464;OR21;;TIROIR;RF195;;0;;site mono-fibre;19/11/2014 00:00;;;;
5529768;5529768;BO-0000043Y-TIROIR 22- AO 109-120;3005372;OR21;;TIROIR;RF195;;0;;site mono-fibre;12/06/2014 00:00;;;;
5529763;5529763;BO-0000043Y-TIROIR 17- AO 049-060;3005372;OR21;;TIROIR;RF195;;0;;site mono-fibre;12/06/2014 00:00;;;;
5529764;5529764;BO-0000043Y-TIROIR 18- AO 061-072;3005372;OR21;;TIROIR;RF195;;0;;site mono-fibre;12/06/2014 00:00;;;;
5529765;5529765;BO-0000043Y-TIROIR 19- AO 073-084;3005372;OR21;;TIROIR;RF195;;0;;site mono-fibre;12/06/2014 00:00;;;;
5970079;5970079;AJ-109-120;3005464;OR21;;TIROIR;RF195;;0;;site mono-fibre;19/11/2014 00:00;;;;
5529761;5529761;BO-0000043Y-TIROIR 15- AO 025-036;3005372;OR21;;TIROIR;RF195;;0;;site mono-fibre;12/06/2014 00:00;;;;
5529766;5529766;BO-0000043Y-TIROIR 20- AO 085-096;3005372;OR21;;TIROIR;RF195;;0;;site mono-fibre;12/06/2014 00:00;;;;
3825386;3825386;TIROIR IRISE ?;3128140;OR21;;TIROIR;RF195;;0;;site mono-fibre;03/04/2013 00:00;;;;
5026666;5026666;TIROIR-CA;4579020;OR21;;TIROIR;RF196;1;0;;site mono-fibre;08/01/2014 00:00;;;;
5970081;5970081;AJ-133-144;3005464;OR21;;TIROIR;RF195;;0;;site mono-fibre;19/11/2014 00:00;;;;
5529767;5529767;BO-0000043Y-TIROIR 21- AO 097-108;3005372;OR21;;TIROIR;RF195;;0;;site mono-fibre;12/06/2014 00:00;;;;
5529770;5529770;BO-0000043Y-TIROIR 24- AO 133-144;3005372;OR21;;TIROIR;RF195;;0;;site mono-fibre;12/06/2014 00:00;;;;
5529762;5529762;BO-0000043Y-TIROIR 16- AO 037-048;3005372;OR21;;TIROIR;RF195;;0;;site mono-fibre;12/06/2014 00:00;;;;
5871530;5871530;BAIE IRISE - IA 025-048;3021900;OR21;;TIROIR;RF194;1;0;;site mono-fibre;14/10/2014 00:00;;;;
5970078;5970078;AJ-097-108;3005464;OR21;;TIROIR;RF195;;0;;site mono-fibre;19/11/2014 00:00;;;;
2814127;2814127;AA 037-048;3005954;OR21;;TIROIR;RF194;1;20;;;24/09/2002 00:00;;;;
2815406;2815406;IA 121-132;3006269;OR21;;TIROIR;RF194;1;11;;;30/05/2008 00:00;;;;
2811834;2811834;AK 025-036;3005464;OR21;;TIROIR;RF194;1;8;;;30/11/2007 00:00;;;;
2809107;2809107;TI-FR-000003BA-XXX - AD 037-048;3004869;OR21;;TIROIR;RF194;1;4;;;09/12/2003 00:00;;;;
2822074;2822074;AC 013-024;3008204;OR21;;TIROIR;RF194;1;14;;;06/02/2006 00:00;;;;
2830404;2830404;COTE GAUCHE - TIROIR 04;3012250;OR21;;TIROIR;RF194;1;4;;;25/09/2007 00:00;;;;
2830416;2830416;COTE GAUCHE - TIROIR 18;3012250;OR21;;TIROIR;RF194;1;16;;;25/09/2007 00:00;;;;
2830422;2830422;COTE GAUCHE - TIROIR 24;3012250;OR21;;TIROIR;RF194;1;22;;;25/09/2007 00:00;;;;
2830442;2830442;COTE DROITE - TIROIR 64;3012250;OR21;;TIROIR;RF194;1;42;;;25/09/2007 00:00;;;;
2844291;2844291;TI-FR-00000337-CABLE 03-072 - AC 049-060;3019589;OR21;;TIROIR;RF194;1;29;;;02/04/2003 00:00;;;;
2813043;2813043;TI-FR-00000307-011 - AD 097-108;3005805;OR21;;TIROIR;RF194;1;11;;;20/11/2002 00:00;;;;
2814138;2814138;TI-FR-00000306-003-48FO;3005954;OR21;;TIROIR;RF194;1;3;;;24/09/2002 00:00;;;;
2830417;2830417;COTE GAUCHE - TIROIR 19;3012250;OR21;;TIROIR;RF194;1;17;;;25/09/2007 00:00;;;;
2830435;2830435;COTE DROITE - TIROIR 55;3012250;OR21;;TIROIR;RF194;1;35;;;25/09/2007 00:00;;;;
2844266;2844266;TI-FR-00000337-CABLE 04-048 - AD- 013-024;3019589;OR21;;TIROIR;RF194;1;32;;;22/04/2009 00:00;;;;
2810592;2810592;IA 013-024;3005218;OR21;;TIROIR;RF194;1;2;;;27/05/2003 00:00;;;;
2811837;2811837;AK 061-072;3005464;OR21;;TIROIR;RF194;1;11;;;30/11/2007 00:00;;;;
2814126;2814126;AA 025-036;3005954;OR21;;TIROIR;RF194;1;19;;;24/09/2002 00:00;;;;
2813737;2813737;BAIE BO-000003GO - TIROIR ALCATEL NÂ°1 -AF 001-048;3005786;OR21;;TIROIR;RF194;1;2;;;15/07/2004 00:00;;;;
2813740;2813740;BAIE BO-000003GO - TIROIR ALCATEL NÂ°3 -AF 097-144;3005786;OR21;;TIROIR;RF194;1;4;;;15/07/2004 00:00;;;;
2830444;2830444;COTE DROITE - TIROIR 66;3012250;OR21;;TIROIR;RF194;1;44;;;25/09/2007 00:00;;;;
2813203;2813203;TI-FR-000002ZR-003-B SUD 25 A 36;3005854;OR21;;TIROIR;RF194;1;3;;;23/08/2002 00:00;;;;
2844280;2844280;TI-FR-00000337-CABLE 02-144 - AB 061-072;3019589;OR21;;TIROIR;RF194;1;18;;;02/04/2003 00:00;;;;
2813033;2813033;TI-FR-00000307-AG 085-096;3005805;OR21;;TIROIR;RF194;1;25;;;26/10/2004 00:00;;;;
2811230;2811230;BO-0000043Y-TIROIR 06- AL 061-072;3005372;OR21;;TIROIR;RF194;1;5;;;22/12/2011 00:00;;;;
2830471;2830471;AA 001-012;3012262;OR21;;TIROIR;RF194;1;1;;;12/06/2007 00:00;;;;
2830443;2830443;COTE DROITE - TIROIR 65;3012250;OR21;;TIROIR;RF194;1;43;;;25/09/2007 00:00;;;;
2821934;2821934;AB 013-024;3008204;OR21;;TIROIR;RF194;1;8;;;17/01/2006 00:00;;;;
2813050;2813050;TI-FR-00000307-002 - AD 181-192;3005805;OR21;;TIROIR;RF194;1;2;;;20/11/2002 00:00;;;;
2811234;2811234;BO-0000043Y-TIROIR 10- AL 109-120;3005372;OR21;;TIROIR;RF194;1;9;;;22/12/2011 00:00;;;;
2811145;2811145;BO-000002Y6-TIROIR 10- AC 025-036;3005379;OR21;;TIROIR;RF194;1;15;;;24/07/2002 00:00;;;;
2844275;2844275;TI-FR-00000337-CABLE 02-144 - AB 001-012;3019589;OR21;;TIROIR;RF194;1;13;;;02/04/2003 00:00;;;;
2844277;2844277;TI-FR-00000337-CABLE 02-144 - AB 025-036;3019589;OR21;;TIROIR;RF194;1;15;;;02/04/2003 00:00;;;;
2811831;2811831;AJ 037-048;3005464;OR21;;TIROIR;RF194;1;5;;;12/11/2007 00:00;;;;
2813040;2813040;TI-FR-00000307-008 - AD 169-180;3005805;OR21;;TIROIR;RF194;1;8;;;20/11/2002 00:00;;;;
2814130;2814130;TI-FR-00000306-023-KREMLIN-144;3005954;OR21;;TIROIR;RF194;1;23;;;24/09/2002 00:00;;;;
2844298;2844298;TI-FR-00000337-CABLE 04-048 - AD- 025-036;3019589;OR21;;TIROIR;RF194;1;33;;;21/07/2010 00:00;;;;
2811830;2811830;AJ 025-036;3005464;OR21;;TIROIR;RF194;1;4;;;12/11/2007 00:00;;;;
2811300;2811300;BO-000002Y6-TIROIR 01- AC 133-144;3005379;OR21;;TIROIR;RF194;1;24;;;24/07/2002 00:00;;;;
10538448;10538448;BAIE BO-000003GO - TIROIR 5 - NEXANS - AG 073-144;3005786;OR21;;TIROIR;RF193;;0;;site mono-fibre;30/01/2019 00:00;;;;
5970080;5970080;AJ-121-132;3005464;OR21;;TIROIR;RF195;;0;;site mono-fibre;19/11/2014 00:00;;;;
2813210;2813210;TI-FR-000002ZR-010-NC 49 A 60;3005854;OR21;;TIROIR;RF194;1;10;;;23/08/2002 00:00;;;;
2830412;2830412;COTE GAUCHE - TIROIR 12;3012250;OR21;;TIROIR;RF194;1;12;;;25/09/2007 00:00;;;;
2830436;2830436;COTE DROITE - TIROIR 56;3012250;OR21;;TIROIR;RF194;1;36;;;25/09/2007 00:00;;;;
2844272;2844272;TI-FR-00000337-CABLE 01-144 - AA 109-120;3019589;OR21;;TIROIR;RF194;1;10;;;02/04/2003 00:00;;;;
2809104;2809104;TI-FR-000003BA-XXX - AD 001-012;3004869;OR21;;TIROIR;RF194;1;1;;;09/12/2003 00:00;;;;
2813209;2813209;TI-FR-000002ZR-009-NC 25 A 36;3005854;OR21;;TIROIR;RF194;1;9;;;23/08/2002 00:00;;;;
2830474;2830474;AA 037-048;3012262;OR21;;TIROIR;RF194;1;4;;;12/06/2007 00:00;;;;
2844284;2844284;TI-FR-00000337-CABLE 02-144 - AB 109-120;3019589;OR21;;TIROIR;RF194;1;22;;;02/04/2003 00:00;;;;
2844287;2844287;TI-FR-00000337-CABLE 03-072 - AC 001-012;3019589;OR21;;TIROIR;RF194;1;25;;;02/04/2003 00:00;;;;
2811233;2811233;BO-0000043Y-TIROIR 09- AL 097-108;3005372;OR21;;TIROIR;RF194;1;8;;;22/12/2011 00:00;;;;
2811143;2811143;BO-000002Y6-TIROIR 12- AC 001-012;3005379;OR21;;TIROIR;RF194;1;13;;;24/07/2002 00:00;;;;
2822076;2822076;AC 025-036;3008204;OR21;;TIROIR;RF194;1;15;;;06/02/2006 00:00;;;;
2844268;2844268;TI-FR-00000337-CABLE 01-144 - AA 061-072;3019589;OR21;;TIROIR;RF194;1;6;;;02/04/2003 00:00;;;;
2844281;2844281;TI-FR-00000337-CABLE 02-144 - AB 073-084;3019589;OR21;;TIROIR;RF194;1;19;;;02/04/2003 00:00;;;;
2810596;2810596;IA 061-072;3005218;OR21;;TIROIR;RF194;1;6;;;27/05/2003 00:00;;;;
2813031;2813031;TI-FR-00000307-AG 061-072;3005805;OR21;;TIROIR;RF194;1;23;;;26/10/2004 00:00;;;;
2814141;2814141;TI-FR-00000306-006-FONTENAY-144;3005954;OR21;;TIROIR;RF194;1;6;;;24/09/2002 00:00;;;;
2813206;2813206;TI-FR-000002ZR-006-B SUD 61 A 72;3005854;OR21;;TIROIR;RF194;1;6;;;23/08/2002 00:00;;;;
2830403;2830403;COTE GAUCHE - TIROIR 03;3012250;OR21;;TIROIR;RF194;1;3;;;25/09/2007 00:00;;;;
2830437;2830437;COTE DROITE - TIROIR 59;3012250;OR21;;TIROIR;RF194;1;37;;;25/09/2007 00:00;;;;
2814143;2814143;TI-FR-00000306-008-FONTENAY-144;3005954;OR21;;TIROIR;RF194;1;8;;;24/09/2002 00:00;;;;
2815404;2815404;IA 097-108;3006269;OR21;;TIROIR;RF194;1;9;;;30/05/2008 00:00;;;;
2813201;2813201;TI-FR-000002ZR-001-B SUD 1 A 12;3005854;OR21;;TIROIR;RF194;1;1;;;23/08/2002 00:00;;;;
2823689;2823689;OPEX 1131 013-024;3008958;OR21;;TIROIR;RF194;1;2;;;15/04/2010 00:00;;;;
2830415;2830415;COTE GAUCHE - TIROIR 17;3012250;OR21;;TIROIR;RF194;1;15;;;25/09/2007 00:00;;;;
2844276;2844276;TI-FR-00000337-CABLE 02-144 - AB 013-024;3019589;OR21;;TIROIR;RF194;1;14;;;02/04/2003 00:00;;;;
2811842;2811842;AK 121-132;3005464;OR21;;TIROIR;RF194;1;16;;;30/11/2007 00:00;;;;
2814139;2814139;TI-FR-00000306-004-48FO;3005954;OR21;;TIROIR;RF194;1;4;;;24/09/2002 00:00;;;;
2813361;2813361;TI-FR-000002ZR-030-AD 013 A 024;3005854;OR21;;TIROIR;RF194;1;30;;;19/02/2003 00:00;;;;
2822075;2822075;AC 001-012;3008204;OR21;;TIROIR;RF194;1;13;;;06/02/2006 00:00;;;;
2809106;2809106;TI-FR-000003BA-XXX - AD 025-036;3004869;OR21;;TIROIR;RF194;1;3;;;09/12/2003 00:00;;;;
2813049;2813049;TI-FR-00000307-001 - AD 229-240;3005805;OR21;;TIROIR;RF194;1;1;;;20/11/2002 00:00;;;;
2813054;2813054;TI-FR-00000307-XXX - AF 001-012;3005805;OR21;;TIROIR;RF194;1;17;;;27/10/2003 00:00;;;;
2844289;2844289;TI-FR-00000337-CABLE 03-072 - AC 025-036;3019589;OR21;;TIROIR;RF194;1;27;;;02/04/2003 00:00;;;;
2844294;2844294;TI-FR-00000337-CABLE 01-144 - AA 013-024;3019589;OR21;;TIROIR;RF194;1;2;;;02/04/2003 00:00;;;;
2811839;2811839;AK 085-096;3005464;OR21;;TIROIR;RF194;1;13;;;30/11/2007 00:00;;;;
2813204;2813204;TI-FR-000002ZR-004-B SUD 37 A 48;3005854;OR21;;TIROIR;RF194;1;4;;;23/08/2002 00:00;;;;
2813225;2813225;TI-FR-000002ZR-025-ST MR 97 A 108;3005854;OR21;;TIROIR;RF194;1;25;;;23/08/2002 00:00;;;;
2813360;2813360;TI-FR-000002ZR-029-AD 001 A 012;3005854;OR21;;TIROIR;RF194;1;29;;;19/02/2003 00:00;;;;
2821935;2821935;AB 025-036;3008204;OR21;;TIROIR;RF194;1;9;;;17/01/2006 00:00;;;;
2814128;2814128;AA 049- 060;3005954;OR21;;TIROIR;RF194;1;21;;;24/09/2002 00:00;;;;
2813214;2813214;TI-FR-000002ZR-014-NC 97 A 108;3005854;OR21;;TIROIR;RF194;1;14;;;23/08/2002 00:00;;;;
2830439;2830439;COTE DROITE - TIROIR 61;3012250;OR21;;TIROIR;RF194;1;39;;;25/09/2007 00:00;;;;
2844285;2844285;TI-FR-00000337-CABLE 02-144 - AB 121-132;3019589;OR21;;TIROIR;RF194;1;23;;;02/04/2003 00:00;;;;
2844296;2844296;TI-FR-00000337-CABLE 01-144 - AA 037-048;3019589;OR21;;TIROIR;RF194;1;4;;;02/04/2003 00:00;;;;
2850803;2850803;BAIE IRISE - IA 013-024;3021900;OR21;;TIROIR;RF194;1;2;;;08/09/2011 00:00;;;;
2811231;2811231;BO-0000043Y-TIROIR 07- AL 073-084;3005372;OR21;;TIROIR;RF194;1;6;;;22/12/2011 00:00;;;;
2814133;2814133;TI-FR-00000306-026-KREMLIN-144;3005954;OR21;;TIROIR;RF194;1;26;;;24/09/2002 00:00;;;;
2830481;2830481;AB 049-060;3012262;OR21;;TIROIR;RF194;1;17;;;12/06/2007 00:00;;;;
2830409;2830409;COTE GAUCHE - TIROIR 09;3012250;OR21;;TIROIR;RF194;1;9;;;25/09/2007 00:00;;;;
2809108;2809108;TI-FR-000003BA-XXX - AD 049-060;3004869;OR21;;TIROIR;RF194;1;5;;;09/12/2003 00:00;;;;
2813359;2813359;TI-FR-000002ZR-028-ST MR 133 A 144;3005854;OR21;;TIROIR;RF194;1;28;;;23/08/2002 00:00;;;;
2811309;2811309;BO-000002Y6-TIROIR 19- AD 025-036;3005379;OR21;;TIROIR;RF194;1;9;;;02/12/2002 00:00;;;;
2813221;2813221;TI-FR-000002ZR-021-ST MR 49 A 60;3005854;OR21;;TIROIR;RF194;1;21;;;23/08/2002 00:00;;;;
2813027;2813027;TI-FR-00000307-AG 013-024;3005805;OR21;;TIROIR;RF194;1;19;;;26/10/2004 00:00;;;;
2813207;2813207;TI-FR-000002ZR-007-NC 01 A 12;3005854;OR21;;TIROIR;RF194;1;7;;;23/08/2002 00:00;;;;
2844278;2844278;TI-FR-00000337-CABLE 02-144 - AB 037-048;3019589;OR21;;TIROIR;RF194;1;16;;;02/04/2003 00:00;;;;
2811138;2811138;BO-000002Y6-TIROIR 14- AG 013-024;3005379;OR21;;TIROIR;RF194;1;29;;;14/09/2005 00:00;;;;
2811139;2811139;BO-000002Y6-TIROIR 15- AG 025-036;3005379;OR21;;TIROIR;RF194;1;30;;;14/09/2005 00:00;;;;
2815218;2815218;IA 049-060;3006269;OR21;;TIROIR;RF194;1;5;;;30/05/2008 00:00;;;;
3986986;3986986;TIROIR-AA;3792141;OR21;;TIROIR;RF196;1;0;;site mono-fibre;29/04/2013 00:00;;;;
2813222;2813222;TI-FR-000002ZR-022-ST MR 61 A 72;3005854;OR21;;TIROIR;RF194;1;22;;;23/08/2002 00:00;;;;
2830419;2830419;COTE GAUCHE - TIROIR 21;3012250;OR21;;TIROIR;RF194;1;19;;;25/09/2007 00:00;;;;
2830432;2830432;COTE DROITE- TIROIR 52;3012250;OR21;;TIROIR;RF194;1;32;;;25/09/2007 00:00;;;;
2830434;2830434;COTE DROITE - TIROIR 54;3012250;OR21;;TIROIR;RF194;1;34;;;25/09/2007 00:00;;;;
2811298;2811298;BO-000002Y6-TIROIR 03- AC 109-120;3005379;OR21;;TIROIR;RF194;1;22;;;24/07/2002 00:00;;;;
2813227;2813227;TI-FR-000002ZR-027-ST MR 121 A 132;3005854;OR21;;TIROIR;RF194;1;27;;;23/08/2002 00:00;;;;
2811829;2811829;AJ 013-024;3005464;OR21;;TIROIR;RF194;1;3;;;24/11/2006 00:00;;;;
2813223;2813223;TI-FR-000002ZR-023-ST MR 73 A 84;3005854;OR21;;TIROIR;RF194;1;23;;;23/08/2002 00:00;;;;
2822081;2822081;AA 013-024;3008204;OR21;;TIROIR;RF194;1;2;;;17/01/2006 00:00;;;;
2844293;2844293;TI-FR-00000337-CABLE 01-144 - AA 001-012;3019589;OR21;;TIROIR;RF194;1;1;;;02/04/2003 00:00;;;;
2811840;2811840;AK 097-108;3005464;OR21;;TIROIR;RF194;1;14;;;30/11/2007 00:00;;;;
2814129;2814129;TI-FR-00000306-022-KREMLIN-144;3005954;OR21;;TIROIR;RF194;1;22;;;24/09/2002 00:00;;;;
2808947;2808947;TI-FR-000003BA-XXX - AD 061-072;3004869;OR21;;TIROIR;RF194;1;6;;;09/12/2003 00:00;;;;
2809105;2809105;TI-FR-000003BA-XXX - AD 013-024;3004869;OR21;;TIROIR;RF194;1;2;;;09/12/2003 00:00;;;;
2815216;2815216;IA 025-036;3006269;OR21;;TIROIR;RF194;1;3;;;30/05/2008 00:00;;;;
2822078;2822078;AC 049-060;3008204;OR21;;TIROIR;RF194;1;17;;;06/02/2006 00:00;;;;
2830477;2830477;AB 001-012;3012262;OR21;;TIROIR;RF194;1;13;;;12/06/2007 00:00;;;;
2811311;2811311;BO-000002Y6-TIROIR 17- AD 049-060;3005379;OR21;;TIROIR;RF194;1;11;;;02/12/2002 00:00;;;;
2814122;2814122;TI-FR-00000306-015-FONTENAY-144;3005954;OR21;;TIROIR;RF194;1;15;;;24/09/2002 00:00;;;;
2815403;2815403;IA 085-096;3006269;OR21;;TIROIR;RF194;1;8;;;30/05/2008 00:00;;;;
2813202;2813202;TI-FR-000002ZR-002-B SUD 13 A 24;3005854;OR21;;TIROIR;RF194;1;2;;;23/08/2002 00:00;;;;
2822082;2822082;AA 025-036;3008204;OR21;;TIROIR;RF194;1;3;;;17/01/2006 00:00;;;;
2830447;2830447;COTE DROITE - TIROIR 69;3012250;OR21;;TIROIR;RF194;1;47;;;25/09/2007 00:00;;;;
2810601;2810601;IA 121-132;3005218;OR21;;TIROIR;RF194;1;11;;;27/05/2003 00:00;;;;
2811832;2811832;AK 001-012;3005464;OR21;;TIROIR;RF194;1;6;;;30/11/2007 00:00;;;;
2811152;2811152;BO-000002Y6-TIROIR 04- AC 097-108;3005379;OR21;;TIROIR;RF194;1;21;;;24/07/2002 00:00;;;;
2815405;2815405;IA 109-120;3006269;OR21;;TIROIR;RF194;1;10;;;30/05/2008 00:00;;;;
2830429;2830429;COTE DROITE - TIROIR 49;3012250;OR21;;TIROIR;RF194;1;29;;;25/09/2007 00:00;;;;
2844288;2844288;TI-FR-00000337-CABLE 03-072 - AC 013-024;3019589;OR21;;TIROIR;RF194;1;26;;;02/04/2003 00:00;;;;
2811827;2811827;AA 001-012;3005464;OR21;;TIROIR;RF194;1;1;;;04/07/2006 00:00;;;;
2815214;2815214;IA 001-012;3006269;OR21;;TIROIR;RF194;1;1;;;30/05/2008 00:00;;;;
2822080;2822080;AA 001-012;3008204;OR21;;TIROIR;RF194;1;1;;;17/01/2006 00:00;;;;
2830418;2830418;COTE GAUCHE - TIROIR 20;3012250;OR21;;TIROIR;RF194;1;18;;;25/09/2007 00:00;;;;
2830427;2830427;COTE DROITE - TIROIR 47;3012250;OR21;;TIROIR;RF194;1;27;;;25/09/2007 00:00;;;;
2844282;2844282;TI-FR-00000337-CABLE 02-144 - AB 085-096;3019589;OR21;;TIROIR;RF194;1;20;;;02/04/2003 00:00;;;;
2814132;2814132;TI-FR-00000306-025-KREMLIN-144;3005954;OR21;;TIROIR;RF194;1;25;;;24/09/2002 00:00;;;;
2814146;2814146;TI-FR-00000306-011-FONTENAY-144;3005954;OR21;;TIROIR;RF194;1;11;;;24/09/2002 00:00;;;;
2830438;2830438;COTE DROITE - TIROIR 60;3012250;OR21;;TIROIR;RF194;1;38;;;25/09/2007 00:00;;;;
2830445;2830445;COTE DROITE - TIROIR 67;3012250;OR21;;TIROIR;RF194;1;45;;;25/09/2007 00:00;;;;
2844267;2844267;TI-FR-00000337-CABLE 01-144 - AA 049-060;3019589;OR21;;TIROIR;RF194;1;5;;;02/04/2003 00:00;;;;
2813045;2813045;TI-FR-00000307-013 - AD 253-264;3005805;OR21;;TIROIR;RF194;1;13;;;20/11/2002 00:00;;;;
2811307;2811307;BO-000002Y6-TIROIR 21- AD 001-012;3005379;OR21;;TIROIR;RF194;1;7;;;02/12/2002 00:00;;;;
2811313;2811313;TI-FR-000002Y6-025 - GZA 001-012;3005379;OR21;;TIROIR;RF194;1;25;;;25/02/2003 00:00;;;;
2810586;2810586;IB 025-036;3005218;OR21;;TIROIR;RF194;1;15;;;13/04/2011 00:00;;;;
2813042;2813042;TI-FR-00000307-010 - AD 121-132;3005805;OR21;;TIROIR;RF194;1;10;;;20/11/2002 00:00;;;;
2821938;2821938;AB 061-072;3008204;OR21;;TIROIR;RF194;1;12;;;17/01/2006 00:00;;;;
2830414;2830414;COTE GAUCHE - TIROIR 16;3012250;OR21;;TIROIR;RF194;1;14;;;25/09/2007 00:00;;;;
2815215;2815215;IA 013-024;3006269;OR21;;TIROIR;RF194;1;2;;;30/05/2008 00:00;;;;
2830479;2830479;AB 025-036;3012262;OR21;;TIROIR;RF194;1;15;;;12/06/2007 00:00;;;;
2823690;2823690;OPEX 1131 025-036;3008958;OR21;;TIROIR;RF194;1;3;;;15/04/2010 00:00;;;;
2830423;2830423;COTE GAUCHE - TIROIR 25;3012250;OR21;;TIROIR;RF194;1;23;;;25/09/2007 00:00;;;;
2830424;2830424;COTE GAUCHE - TIROIR 26;3012250;OR21;;TIROIR;RF194;1;24;;;25/09/2007 00:00;;;;
2830428;2830428;COTE DROITE - TIROIR 48;3012250;OR21;;TIROIR;RF194;1;28;;;25/09/2007 00:00;;;;
2813052;2813052;TI-FR-00000307-004 - AD 133-144;3005805;OR21;;TIROIR;RF194;1;4;;;20/11/2002 00:00;;;;
2811137;2811137;BO-000002Y6-TIROIR 13- AG 001-012;3005379;OR21;;TIROIR;RF194;1;28;;;14/09/2005 00:00;;;;
2811151;2811151;BO-000002Y6-TIROIR 05- AC 085-096;3005379;OR21;;TIROIR;RF194;1;20;;;24/07/2002 00:00;;;;
2813217;2813217;TI-FR-000002ZR-017-NC 133 A 144;3005854;OR21;;TIROIR;RF194;1;17;;;23/08/2002 00:00;;;;
2814124;2814124;AA 001-012;3005954;OR21;;TIROIR;RF194;1;17;;;24/09/2002 00:00;;;;
2813215;2813215;TI-FR-000002ZR-015-NC 109 A 120;3005854;OR21;;TIROIR;RF194;1;15;;;23/08/2002 00:00;;;;
2844269;2844269;TI-FR-00000337-CABLE 01-144 - AA 073-084;3019589;OR21;;TIROIR;RF194;1;7;;;02/04/2003 00:00;;;;
2811299;2811299;BO-000002Y6-TIROIR 02- AC 121-132;3005379;OR21;;TIROIR;RF194;1;23;;;24/07/2002 00:00;;;;
2811310;2811310;BO-000002Y6-TIROIR 18- AD 037-048;3005379;OR21;;TIROIR;RF194;1;10;;;02/12/2002 00:00;;;;
2814142;2814142;TI-FR-00000306-007-FONTENAY-144;3005954;OR21;;TIROIR;RF194;1;7;;;24/09/2002 00:00;;;;
2830441;2830441;COTE DROITE - TIROIR 63;3012250;OR21;;TIROIR;RF194;1;41;;;25/09/2007 00:00;;;;
2844270;2844270;TI-FR-00000337-CABLE 01-144 - AA 085-096;3019589;OR21;;TIROIR;RF194;1;8;;;02/04/2003 00:00;;;;
2813053;2813053;TI-FR-00000307-005 - AD 109-120;3005805;OR21;;TIROIR;RF194;1;5;;;20/11/2002 00:00;;;;
2813213;2813213;TI-FR-000002ZR-013-NC 85 A 96;3005854;OR21;;TIROIR;RF194;1;13;;;23/08/2002 00:00;;;;
2810597;2810597;IA 073-084;3005218;OR21;;TIROIR;RF194;1;7;;;27/05/2003 00:00;;;;
2811828;2811828;AJ 001-012;3005464;OR21;;TIROIR;RF194;1;2;;;24/11/2006 00:00;;;;
2813047;2813047;TI-FR-00000307-015 - AD 217-228;3005805;OR21;;TIROIR;RF194;1;15;;;20/11/2002 00:00;;;;
2811303;2811303;BO-000002Y6-TIROIR 25- AE 025-036;3005379;OR21;;TIROIR;RF194;1;3;;;02/12/2002 00:00;;;;
2830420;2830420;COTE GAUCHE - TIROIR 22;3012250;OR21;;TIROIR;RF194;1;20;;;25/09/2007 00:00;;;;
2811228;2811228;BO-0000043Y-TIROIR 04- AL 037-048;3005372;OR21;;TIROIR;RF194;1;3;;;22/12/2011 00:00;;;;
2811150;2811150;BO-000002Y6-TIROIR 06- AC 073-084;3005379;OR21;;TIROIR;RF194;1;19;;;24/07/2002 00:00;;;;
2822079;2822079;AC 061-072;3008204;OR21;;TIROIR;RF194;1;18;;;06/02/2006 00:00;;;;
2830476;2830476;AA 061-072;3012262;OR21;;TIROIR;RF194;1;6;;;12/06/2007 00:00;;;;
2830411;2830411;COTE GAUCHE - TIROIR 11;3012250;OR21;;TIROIR;RF194;1;11;;;25/09/2007 00:00;;;;
2811149;2811149;BO-000002Y6-TIROIR 07- AC 061-072;3005379;OR21;;TIROIR;RF194;1;18;;;24/07/2002 00:00;;;;
2811302;2811302;BO-000002Y6-TIROIR 26- AE 013-024;3005379;OR21;;TIROIR;RF194;1;2;;;02/12/2002 00:00;;;;
2814123;2814123;TI-FR-00000306-016-FONTENAY-144;3005954;OR21;;TIROIR;RF194;1;16;;;24/09/2002 00:00;;;;
2830425;2830425;COTE DROITE - TIROIR 45;3012250;OR21;;TIROIR;RF194;1;25;;;25/09/2007 00:00;;;;
2844292;2844292;TI-FR-00000337-CABLE 03-072 - AC 061-072;3019589;OR21;;TIROIR;RF194;1;30;;;02/04/2003 00:00;;;;
2822077;2822077;AC 037-048;3008204;OR21;;TIROIR;RF194;1;16;;;06/02/2006 00:00;;;;
2830413;2830413;COTE GAUCHE - TIROIR 15;3012250;OR21;;TIROIR;RF194;1;13;;;25/09/2007 00:00;;;;
2813362;2813362;TI-FR-000002ZR-031-AD 025 A 036;3005854;OR21;;TIROIR;RF194;1;31;;;19/02/2003 00:00;;;;
2823688;2823688;OPEX 1131 001-012;3008958;OR21;;TIROIR;RF194;1;1;;;15/04/2010 00:00;;;;
2831599;2831599;SPE101175;3012580;OR21;;TIROIR;RF194;1;1;;;15/06/2010 00:00;;;;
2810585;2810585;IB 001-012;3005218;OR21;;TIROIR;RF194;1;13;;;13/04/2011 00:00;;;;
2813044;2813044;TI-FR-00000307-012 - AD 001-012;3005805;OR21;;TIROIR;RF194;1;12;;;20/11/2002 00:00;;;;
2844271;2844271;TI-FR-00000337-CABLE 01-144 - AA 097-108;3019589;OR21;;TIROIR;RF194;1;9;;;02/04/2003 00:00;;;;
2830401;2830401;COTE GAUCHE - TIROIR 01;3012250;OR21;;TIROIR;RF194;1;1;;;25/09/2007 00:00;;;;
2811835;2811835;AK 037-048;3005464;OR21;;TIROIR;RF194;1;9;;;30/11/2007 00:00;;;;
2813034;2813034;TI-FR-00000307-AG 097-108;3005805;OR21;;TIROIR;RF194;1;26;;;26/10/2004 00:00;;;;
2811306;2811306;BO-000002Y6-TIROIR 22- AE 061-072;3005379;OR21;;TIROIR;RF194;1;6;;;02/12/2002 00:00;;;;
2814134;2814134;TI-FR-00000306-027-KREMLIN-144;3005954;OR21;;TIROIR;RF194;1;27;;;24/09/2002 00:00;;;;
2830402;2830402;COTE GAUCHE - TIROIR 02;3012250;OR21;;TIROIR;RF194;1;2;;;25/09/2007 00:00;;;;
2844295;2844295;TI-FR-00000337-CABLE 01-144 - AA 025-036;3019589;OR21;;TIROIR;RF194;1;3;;;02/04/2003 00:00;;;;
2813363;2813363;TI-FR-000002ZR-032-AD 037 A 048;3005854;OR21;;TIROIR;RF194;1;32;;;19/02/2003 00:00;;;;
2814136;2814136;TI-FR-00000306-001-48FO;3005954;OR21;;TIROIR;RF194;1;1;;;24/09/2002 00:00;;;;
2830446;2830446;COTE DROITE - TIROIR 68;3012250;OR21;;TIROIR;RF194;1;46;;;25/09/2007 00:00;;;;
2810589;2810589;IB 049-060;3005218;OR21;;TIROIR;RF194;1;17;;;13/04/2011 00:00;;;;
2811236;2811236;BO-0000043Y-TIROIR 12- AL 133-144;3005372;OR21;;TIROIR;RF194;1;11;;;22/12/2011 00:00;;;;
2813205;2813205;TI-FR-000002ZR-005-B SUD 49 A 60;3005854;OR21;;TIROIR;RF194;1;5;;;23/08/2002 00:00;;;;
2830482;2830482;AB 061-072;3012262;OR21;;TIROIR;RF194;1;18;;;12/06/2007 00:00;;;;
2814119;2814119;TI-FR-00000306-012-FONTENAY-144;3005954;OR21;;TIROIR;RF194;1;12;;;24/09/2002 00:00;;;;
2813739;2813739;BAIE BO-000003GO - TIROIR ALCATEL NÂ°2 -AF 049-096;3005786;OR21;;TIROIR;RF194;1;3;;;15/07/2004 00:00;;;;
2813208;2813208;TI-FR-000002ZR-008-NC 13 A 24;3005854;OR21;;TIROIR;RF194;1;8;;;23/08/2002 00:00;;;;
2814137;2814137;TI-FR-00000306-002-48FO;3005954;OR21;;TIROIR;RF194;1;2;;;24/09/2002 00:00;;;;
2813364;2813364;CYA 001-012 - VERS APHP;3005854;OR21;;TIROIR;RF194;1;33;;;20/05/2004 00:00;;;;
2815217;2815217;IA 037-048;3006269;OR21;;TIROIR;RF194;1;4;;;30/05/2008 00:00;;;;
2813224;2813224;TI-FR-000002ZR-024-ST MR 85 A 96;3005854;OR21;;TIROIR;RF194;1;24;;;23/08/2002 00:00;;;;
2811148;2811148;BO-000002Y6-TIROIR 08- AC 049-060;3005379;OR21;;TIROIR;RF194;1;17;;;24/07/2002 00:00;;;;
2813218;2813218;TI-FR-000002ZR-018-ST MR 01 A 12;3005854;OR21;;TIROIR;RF194;1;18;;;23/08/2002 00:00;;;;
2830421;2830421;COTE GAUCHE - TIROIR 23;3012250;OR21;;TIROIR;RF194;1;21;;;25/09/2007 00:00;;;;
2813365;2813365;CYA 013-024 - VERS APHP;3005854;OR21;;TIROIR;RF194;1;34;;;20/05/2004 00:00;;;;
2830410;2830410;COTE GAUCHE - TIROIR 10;3012250;OR21;;TIROIR;RF194;1;10;;;25/09/2007 00:00;;;;
2813038;2813038;TI-FR-00000307-006 - AD 013-024;3005805;OR21;;TIROIR;RF194;1;6;;;20/11/2002 00:00;;;;
2813051;2813051;TI-FR-00000307-003 - AD 157-168;3005805;OR21;;TIROIR;RF194;1;3;;;20/11/2002 00:00;;;;
2813211;2813211;TI-FR-000002ZR-011-NC 61 A 72;3005854;OR21;;TIROIR;RF194;1;11;;;23/08/2002 00:00;;;;
2813738;2813738;TIROIR PROVISOIRE;3005786;OR21;;TIROIR;RF194;1;1;;;22/06/2004 00:00;;;;
2811312;2811312;BO-000002Y6-TIROIR 16- AD 061-072;3005379;OR21;;TIROIR;RF194;1;12;;;02/12/2002 00:00;;;;
2810590;2810590;IB 061-072;3005218;OR21;;TIROIR;RF194;1;18;;;13/04/2011 00:00;;;;
2813028;2813028;TI-FR-00000307-AG 025-036;3005805;OR21;;TIROIR;RF194;1;20;;;26/10/2004 00:00;;;;
2814140;2814140;TI-FR-00000306-005-FONTENAY-144;3005954;OR21;;TIROIR;RF194;1;5;;;24/09/2002 00:00;;;;
2830406;2830406;COTE GAUCHE - TIROIR 06;3012250;OR21;;TIROIR;RF194;1;6;;;25/09/2007 00:00;;;;
2855422;2855422;AA 001-012;3023431;OR21;;TIROIR;RF194;1;2;;;30/06/2009 00:00;;;;
2813039;2813039;TI-FR-00000307-007 - AD 205-216;3005805;OR21;;TIROIR;RF194;1;7;;;20/11/2002 00:00;;;;
2811229;2811229;BO-0000043Y-TIROIR 05- AL 049-060;3005372;OR21;;TIROIR;RF194;1;4;;;22/12/2011 00:00;;;;
2844279;2844279;TI-FR-00000337-CABLE 02-144 - AB 049-060;3019589;OR21;;TIROIR;RF194;1;17;;;02/04/2003 00:00;;;;
2810591;2810591;IA 001-012;3005218;OR21;;TIROIR;RF194;1;1;;;27/05/2003 00:00;;;;
2814144;2814144;TI-FR-00000306-009-FONTENAY-144;3005954;OR21;;TIROIR;RF194;1;9;;;24/09/2002 00:00;;;;
2830433;2830433;COTE DROITE - TIROIR 53;3012250;OR21;;TIROIR;RF194;1;33;;;25/09/2007 00:00;;;;
2830440;2830440;COTE DROITE - TIROIR 62;3012250;OR21;;TIROIR;RF194;1;40;;;25/09/2007 00:00;;;;
2813030;2813030;TI-FR-00000307-AG 049-060;3005805;OR21;;TIROIR;RF194;1;22;;;26/10/2004 00:00;;;;
2830407;2830407;COTE GAUCHE - TIROIR 07;3012250;OR21;;TIROIR;RF194;1;7;;;25/09/2007 00:00;;;;
2813048;2813048;TI-FR-00000307-015 - AD 193-204;3005805;OR21;;TIROIR;RF194;1;16;;;20/11/2002 00:00;;;;
2813220;2813220;TI-FR-000002ZR-020-ST MR 25 A 36;3005854;OR21;;TIROIR;RF194;1;20;;;23/08/2002 00:00;;;;
2810599;2810599;IA 097-108;3005218;OR21;;TIROIR;RF194;1;9;;;27/05/2003 00:00;;;;
2814145;2814145;TI-FR-00000306-010-FONTENAY-144;3005954;OR21;;TIROIR;RF194;1;10;;;24/09/2002 00:00;;;;
2844297;2844297;TI-FR-00000337-CABLE 04-048 - AD- 001-012;3019589;OR21;;TIROIR;RF194;1;31;;;26/02/2007 00:00;;;;
2810595;2810595;IA 049-060;3005218;OR21;;TIROIR;RF194;1;5;;;27/05/2003 00:00;;;;
2810602;2810602;IA 133-144;3005218;OR21;;TIROIR;RF194;1;12;;;27/05/2003 00:00;;;;
2811836;2811836;AK 049-060;3005464;OR21;;TIROIR;RF194;1;10;;;30/11/2007 00:00;;;;
2814120;2814120;TI-FR-00000306-013-FONTENAY-144;3005954;OR21;;TIROIR;RF194;1;13;;;24/09/2002 00:00;;;;
2830431;2830431;COTE DROITE - TIROIR 51;3012250;OR21;;TIROIR;RF194;1;31;;;25/09/2007 00:00;;;;
2811305;2811305;BO-000002Y6-TIROIR 23- AE 049-060;3005379;OR21;;TIROIR;RF194;1;5;;;02/12/2002 00:00;;;;
2810598;2810598;IA 085-096;3005218;OR21;;TIROIR;RF194;1;8;;;27/05/2003 00:00;;;;
2810600;2810600;IA 109-120;3005218;OR21;;TIROIR;RF194;1;10;;;27/05/2003 00:00;;;;
2830426;2830426;COTE DROITE - TIROIR 46;3012250;OR21;;TIROIR;RF194;1;26;;;25/09/2007 00:00;;;;
2813200;2813200;TI-FR-000002ZR-033-AE 001 A 012;3005854;OR21;;TIROIR;RF194;1;35;;;23/02/2011 00:00;;;;
2814121;2814121;TI-FR-00000306-014-FONTENAY-144;3005954;OR21;;TIROIR;RF194;1;14;;;24/09/2002 00:00;;;;
2844273;2844273;TI-FR-00000337-CABLE 01-144 - AA 121-132;3019589;OR21;;TIROIR;RF194;1;11;;;02/04/2003 00:00;;;;
2815407;2815407;IA 133-144;3006269;OR21;;TIROIR;RF194;1;12;;;30/05/2008 00:00;;;;
2813212;2813212;TI-FR-000002ZR-012-NC 73 A 84;3005854;OR21;;TIROIR;RF194;1;12;;;23/08/2002 00:00;;;;
2811843;2811843;AK 133-144;3005464;OR21;;TIROIR;RF194;1;17;;;30/11/2007 00:00;;;;
2813216;2813216;TI-FR-000002ZR-016-NC 121 A 132;3005854;OR21;;TIROIR;RF194;1;16;;;23/08/2002 00:00;;;;
2810594;2810594;IA 037-048;3005218;OR21;;TIROIR;RF194;1;4;;;27/05/2003 00:00;;;;
2811227;2811227;BO-0000043Y-TIROIR 03- AL 025-036;3005372;OR21;;TIROIR;RF194;1;2;;;22/12/2011 00:00;;;;
2814125;2814125;AA 013-024;3005954;OR21;;TIROIR;RF194;1;18;;;24/09/2002 00:00;;;;
2813736;2813736;BAIE BO-000003GO - TIROIR 3 BIS (VERS EDF);3005786;OR21;;TIROIR;RF194;1;26;;;01/06/2011 00:00;;;;
2830405;2830405;COTE GAUCHE - TIROIR 05;3012250;OR21;;TIROIR;RF194;1;5;;;25/09/2007 00:00;;;;
2813035;2813035;TI-FR-00000307-AG 109-120;3005805;OR21;;TIROIR;RF194;1;27;;;26/10/2004 00:00;;;;
2813037;2813037;TI-FR-00000307-AG 133-144;3005805;OR21;;TIROIR;RF194;1;29;;;26/10/2004 00:00;;;;
2811141;2811141;BO-000002Y6-TIROIR 32- AG 049-060;3005379;OR21;;TIROIR;RF194;1;32;;;14/09/2005 00:00;;;;
2830448;2830448;COTE DROITE - TIROIR 70;3012250;OR21;;TIROIR;RF194;1;48;;;25/09/2007 00:00;;;;
2844274;2844274;TI-FR-00000337-CABLE 01-144 - AA 133-144;3019589;OR21;;TIROIR;RF194;1;12;;;02/04/2003 00:00;;;;
2811144;2811144;BO-000002Y6-TIROIR 11- AC 013-024;3005379;OR21;;TIROIR;RF194;1;14;;;24/07/2002 00:00;;;;
2811323;2811323;TIROIR PROVISOIRE;3005386;OR21;;TIROIR;RF194;1;1;;;14/02/2003 00:00;;;;
2830408;2830408;COTE GAUCHE - TIROIR 08;3012250;OR21;;TIROIR;RF194;1;8;;;25/09/2007 00:00;;;;
2811140;2811140;BO-000002Y6-TIROIR 31- AG 037-048;3005379;OR21;;TIROIR;RF194;1;31;;;14/09/2005 00:00;;;;
2811142;2811142;BO-000002Y6-TIROIR 33- AG 061-072;3005379;OR21;;TIROIR;RF194;1;33;;;14/09/2005 00:00;;;;
2822083;2822083;AA 037-048;3008204;OR21;;TIROIR;RF194;1;4;;;17/01/2006 00:00;;;;
2810588;2810588;IB 037-048;3005218;OR21;;TIROIR;RF194;1;16;;;13/04/2011 00:00;;;;
2810593;2810593;IA 025-036;3005218;OR21;;TIROIR;RF194;1;3;;;27/05/2003 00:00;;;;
2844283;2844283;TI-FR-00000337-CABLE 02-144 - AB 097-108;3019589;OR21;;TIROIR;RF194;1;21;;;02/04/2003 00:00;;;;
2844290;2844290;TI-FR-00000337-CABLE 03-072 - AC 037-048;3019589;OR21;;TIROIR;RF194;1;28;;;02/04/2003 00:00;;;;
2810587;2810587;IB 013-024;3005218;OR21;;TIROIR;RF194;1;14;;;13/04/2011 00:00;;;;
2813029;2813029;TI-FR-00000307-AG 037-048;3005805;OR21;;TIROIR;RF194;1;21;;;26/10/2004 00:00;;;;
2811235;2811235;BO-0000043Y-TIROIR 11- AL 121-132;3005372;OR21;;TIROIR;RF194;1;10;;;22/12/2011 00:00;;;;
2814135;2814135;TI-FR-00000306-028-KREMLIN-144;3005954;OR21;;TIROIR;RF194;1;28;;;24/09/2002 00:00;;;;
2811232;2811232;BO-0000043Y-TIROIR 08- AL 085-096;3005372;OR21;;TIROIR;RF194;1;7;;;22/12/2011 00:00;;;;
2813032;2813032;TI-FR-00000307-AG 073-084;3005805;OR21;;TIROIR;RF194;1;24;;;26/10/2004 00:00;;;;
2813226;2813226;TI-FR-000002ZR-026-ST MR 109 A 120;3005854;OR21;;TIROIR;RF194;1;26;;;23/08/2002 00:00;;;;
2823691;2823691;OPEX 1131 037-048;3008958;OR21;;TIROIR;RF194;1;4;;;15/04/2010 00:00;;;;
2815401;2815401;IA 061-072;3006269;OR21;;TIROIR;RF194;1;6;;;30/05/2008 00:00;;;;
2813199;2813199;TI-FR-000002ZR-034-AE 013 A 024;3005854;OR21;;TIROIR;RF194;1;36;;;23/02/2011 00:00;;;;
2813219;2813219;TI-FR-000002ZR-019-ST MR 13 A 24;3005854;OR21;;TIROIR;RF194;1;19;;;23/08/2002 00:00;;;;
2830430;2830430;COTE DROITE - TIROIR 50;3012250;OR21;;TIROIR;RF194;1;30;;;25/09/2007 00:00;;;;
2811237;2811237;BO-0000043Y-TIROIR 01- AL 001-012;3005372;OR21;;TIROIR;RF194;1;12;;;22/12/2011 00:00;;;;
2814131;2814131;TI-FR-00000306-024-KREMLIN-144;3005954;OR21;;TIROIR;RF194;1;24;;;24/09/2002 00:00;;;;
2830475;2830475;AA 049-060;3012262;OR21;;TIROIR;RF194;1;5;;;12/06/2007 00:00;;;;
2813046;2813046;TI-FR-00000307-014 - AD 241-252;3005805;OR21;;TIROIR;RF194;1;14;;;20/11/2002 00:00;;;;
2821937;2821937;AB 049-060;3008204;OR21;;TIROIR;RF194;1;11;;;17/01/2006 00:00;;;;
2830472;2830472;AA 013-024;3012262;OR21;;TIROIR;RF194;1;2;;;12/06/2007 00:00;;;;
2830478;2830478;AB 013-024;3012262;OR21;;TIROIR;RF194;1;14;;;12/06/2007 00:00;;;;
2850804;2850804;BAIE IRISE - IA 001-012;3021900;OR21;;TIROIR;RF194;1;1;;;08/09/2011 00:00;;;;
2811315;2811315;TI-FR-000002Y6-027 - GZA 025-036;3005379;OR21;;TIROIR;RF194;1;27;;;25/02/2003 00:00;;;;
2813041;2813041;TI-FR-00000307-009 - AD 145-156;3005805;OR21;;TIROIR;RF194;1;9;;;20/11/2002 00:00;;;;
2821932;2821932;AA 061-072;3008204;OR21;;TIROIR;RF194;1;6;;;17/01/2006 00:00;;;;
2811304;2811304;BO-000002Y6-TIROIR 24- AE 037-048;3005379;OR21;;TIROIR;RF194;1;4;;;02/12/2002 00:00;;;;
2821933;2821933;AB 001-012;3008204;OR21;;TIROIR;RF194;1;7;;;17/01/2006 00:00;;;;
2821936;2821936;AB 037-048;3008204;OR21;;TIROIR;RF194;1;10;;;17/01/2006 00:00;;;;
2844286;2844286;TI-FR-00000337-CABLE 02-144 - AB 133-144;3019589;OR21;;TIROIR;RF194;1;24;;;02/04/2003 00:00;;;;
2811314;2811314;TI-FR-000002Y6-026 - GZA 013-024;3005379;OR21;;TIROIR;RF194;1;26;;;25/02/2003 00:00;;;;
2811838;2811838;AK 073-084;3005464;OR21;;TIROIR;RF194;1;12;;;30/11/2007 00:00;;;;
2811308;2811308;BO-000002Y6-TIROIR 20- AD 013-024;3005379;OR21;;TIROIR;RF194;1;8;;;02/12/2002 00:00;;;;
2821931;2821931;AA 049-060;3008204;OR21;;TIROIR;RF194;1;5;;;17/01/2006 00:00;;;;
2830473;2830473;AA 025-036;3012262;OR21;;TIROIR;RF194;1;3;;;12/06/2007 00:00;;;;
2813036;2813036;TI-FR-00000307-AG 121-132;3005805;OR21;;TIROIR;RF194;1;28;;;26/10/2004 00:00;;;;
2811146;2811146;BO-000002Y6-TIROIR 09- AC 037-048;3005379;OR21;;TIROIR;RF194;1;16;;;24/07/2002 00:00;;;;
2811833;2811833;AK 013-024;3005464;OR21;;TIROIR;RF194;1;7;;;30/11/2007 00:00;;;;
2811238;2811238;BO-0000043Y-TIROIR 02- AL 013-024;3005372;OR21;;TIROIR;RF194;1;1;;;19/10/2011 00:00;;;;
2855421;2855421;BA 001-012;3023431;OR21;;TIROIR;RF194;1;1;;;30/06/2009 00:00;;;;
2813026;2813026;TI-FR-00000307-AG 001-012;3005805;OR21;;TIROIR;RF194;1;18;;;26/10/2004 00:00;;;;
2830480;2830480;AB 037-048;3012262;OR21;;TIROIR;RF194;1;16;;;12/06/2007 00:00;;;;
2815402;2815402;IA 073-084;3006269;OR21;;TIROIR;RF194;1;7;;;30/05/2008 00:00;;;;
2811841;2811841;AK 109-120;3005464;OR21;;TIROIR;RF194;1;15;;;30/11/2007 00:00;;;;
2811301;2811301;BO-000002Y6-TIROIR 27- AE 001-012;3005379;OR21;;TIROIR;RF194;1;1;;;02/12/2002 00:00;;;;
14293295;14293295;BA 013-024;3023431;OR21;;TIROIR;RF195;;0;;site mono-fibre;07/09/2020 00:00;;;;
5970074;5970074;AJ-049-060;3005464;OR21;;TIROIR;RF195;;0;;site mono-fibre;19/11/2014 00:00;;;;
