lt_code;lt_codeext;lt_etiquet;lt_st_code;lt_prop;lt_gest;lt_user;lt_proptyp;lt_statut;lt_etat;lt_dateins;lt_datemes;lt_local;lt_elec;lt_clim;lt_occp;lt_idmajic;lt_comment;lt_creadat;lt_majdate;lt_majsrc;lt_abddate;lt_abdsrc
3078386;SALLE 24A;SALLE 24A;3465322;OR225;OR238;;CST;MCO;OK;23/08/2002;23/08/2002;;False;;;;;23/08/2002 00:00;;;;
3077614;SALLE CEGETEL - RDC 15D;SALLE CEGETEL - RDC 15D;3465334;OR225;OR300;;CST;MCO;OK;28/11/2007;28/11/2007;;True;;;;;28/11/2007 00:00;;;;
3077606;SALLE RENATER;SALLE RENATER;3465334;OR225;OR238;;CST;MCO;OK;21/10/2009;21/10/2009;;True;;;;;21/10/2009 00:00;;;;
3077612;SALLE 7C - CAPGEMINI;SALLE 7C - CAPGEMINI;3465334;OR225;OR238;;CST;MCO;OK;20/05/2008;20/05/2008;;True;;;;;20/05/2008 00:00;;;;
3080835;MMR - SALLE B2;MMR - SALLE B3;3465180;OR225;OR238;;CST;MCO;OK;21/11/2006;21/11/2006;;False;;;;;21/11/2006 00:00;;;;
3077731;LT FOD LTR5;LT FOD LTR6;3461657;OR225;OR238;;CST;MCO;OK;24/01/2002;24/01/2002;;False;;;;;24/01/2002 00:00;;;;
7248824;LOCAL TECHNIQUE - CERGY PARC ST CHRISTOPHE;LOCAL TECHNIQUE - CERGY PARC ST CHRISTOPHE;3462448;OR21;OR238;;CST;MCO;OK;20/06/2016;20/06/2016;;True;;;;;20/06/2016 00:00;;;;
3881976;LT - BAT EDISON 5;LT - BAT EDISON 6;3462448;OR21;OR238;;CST;MCO;OK;27/03/2013;27/03/2013;;True;;;;;27/03/2013 00:00;;;;
3086907;PT ARMOIRE DE BOBIGNY (IRISE);PT ARMOIRE DE BOBIGNY (IRISE);3464411;OR21;OR295;;CST;MCO;OK;31/03/2008;31/03/2008;;False;;;;;31/03/2008 00:00;;;;
3078910;LT CAA GRAVELLE ST MAUR - SALLE REPARTITEUR;LT CAA GRAVELLE ST MAUR - SALLE REPARTITEUR;3464527;OR19;OR238;;CST;MCO;OK;25/09/2002;25/09/2002;;False;;;;;25/09/2002 00:00;;;;
3089418;NRA MONTIGNY LES CORMEILLES - SALLE REPARTITEUR;NRA MONTIGNY LES CORMEILLES - SALLE REPARTITEUR;3461319;OR19;OR238;;CST;MCO;OK;20/11/2009;20/11/2009;;False;;;;;20/11/2009 00:00;;;;
3089612;NRA GENNEVILLIERS - SALLE REPARTITEUR;NRA GENNEVILLIERS - SALLE REPARTITEUR;3462650;OR19;OR238;;CST;MCO;OK;13/10/2009;13/10/2009;;False;;;;;13/10/2009 00:00;;;;
3078584;LT CAA ANTHONY BERNY;LT CAA ANTHONY BERNY;3462828;OR19;OR238;;CST;MCO;OK;27/06/2002;27/06/2002;;False;;;;;27/06/2002 00:00;;;;
3087483;URA HOUILLES (XXXX) - SALLE REPARTITEUR;URA HOUILLES (XXXX) - SALLE REPARTITEUR;3461339;OR19;OR238;;CST;MCO;OK;08/03/2004;08/03/2004;;False;;;;;08/03/2004 00:00;;;;
3078903;CAA CPE SAINT-DENIS - SALLE REPARTITEUR;CAA CPE SAINT-DENIS - SALLE REPARTITEUR;3465124;OR19;OR238;;CST;MCO;OK;25/09/2002;25/09/2002;;False;;;;;25/09/2002 00:00;;;;
3078586;LT CAA ROBINSON SCEAUX - SALLE REPARTITEUR;LT CAA ROBINSON SCEAUX - SALLE REPARTITEUR;3463884;OR19;OR238;;CST;MCO;OK;10/09/2002;10/09/2002;;False;;;;;10/09/2002 00:00;;;;
3088641;NRA CACHAN - SALLE REPARTITEUR;NRA CACHAN - SALLE REPARTITEUR;3463266;OR19;OR238;;CST;MCO;OK;05/11/2009;05/11/2009;;False;;;;;05/11/2009 00:00;;;;
3087280;LT POP NUMERICABLE ASNIERES;LT POP NUMERICABLE ASNIERES;3462766;OR13;OR238;;CST;MCO;OK;05/07/2002;05/07/2002;;False;;;;;05/07/2002 00:00;;;;
3077707;SALLE COMPLETEL - RDC BAS;SALLE COMPLETEL - RDC BAS;3461466;OR1;OR23;;CST;MCO;OK;10/06/2010;10/06/2010;;False;;;;;10/06/2010 00:00;;;;
3077703;1 SOUS-SOL;2 SOUS-SOL;3461466;OR1;OR238;;CST;MCO;OK;27/12/2001;27/12/2001;;False;;;;;27/12/2001 00:00;;;;
3077697;SALLE INFONET 1;SALLE INFONET 1;3461466;OR1;OR314;;CST;MCO;OK;11/04/2010;11/04/2010;;False;;;;;11/04/2010 00:00;;;;
3077698;SALLE INFONET 2;SALLE INFONET 2;3461466;OR1;OR301;;CST;MCO;OK;11/04/2010;11/04/2010;;False;;;;;11/04/2010 00:00;;;;
3077695;RDC - SALLE ATT1;RDC - SALLE ATT2;3461466;OR1;OR295;;CST;MCO;OK;24/03/2010;24/03/2010;;False;;;;;24/03/2010 00:00;;;;
3077715;SALLE DAIKIN;SALLE DAIKIN;3461466;OR1;OR295;;CST;MCO;OK;22/03/2007;22/03/2007;;False;;;;;22/03/2007 00:00;;;;
3077713;NANTERRE 2.1 BB;NANTERRE 2.1 BB;3461466;OR1;OR295;;CST;MCO;OK;22/03/2007;22/03/2007;;False;;;;;22/03/2007 00:00;;;;
3078440;NC COB (BAND-X) 1 ET COB I;NC COB (BAND-X) 1 ET COB I;3461908;OR1;OR307;;CST;MCO;OK;19/12/2001;19/12/2001;;True;;;;;19/12/2001 00:00;;;;
3078491;0B09 (FIRSTMARK);0B09 (FIRSTMARK);3461908;OR1;OR238;;CST;MCO;OK;11/07/2008;11/07/2008;;True;;;;;11/07/2008 00:00;;;;
3078467;2A09 (DSI);2A09 (DSI);3461908;OR1;OR238;;CST;MCO;OK;11/07/2008;11/07/2008;;True;;;;;11/07/2008 00:00;;;;
3078479;LTE100000006616;LTE100000006616;3461908;OR1;OR238;;CST;MCO;OK;11/07/2008;11/07/2008;;True;;;;;11/07/2008 00:00;;;;
3078507;1A04 (AGARIK);1A04 (AGARIK);3461908;OR1;OR238;;CST;MCO;OK;11/07/2008;11/07/2008;;True;;;;;11/07/2008 00:00;;;;
3078463;0B09 (DSI);0B09 (DSI);3461908;OR1;OR238;;CST;MCO;OK;03/10/2008;03/10/2008;;True;;;;;03/10/2008 00:00;;;;
3078457;2C06 (T-SYSTEMS);2C06 (T-SYSTEMS);3461908;OR1;OR238;;CST;MCO;OK;10/09/2008;10/09/2008;;True;;;;;10/09/2008 00:00;;;;
6874056;SALLE COMPLETEL;SALLE COMPLETEL;3465322;OR225;OR238;;CST;MCO;OK;05/02/2016;05/02/2016;;False;;;;;05/02/2016 00:00;;;;
3078387;MMR CPR 24B;MMR CPR 24B;3465322;OR225;OR238;;CST;MCO;OK;18/02/2003;18/02/2003;;False;;;;;18/02/2003 00:00;;;;
3078389;SALLE DC2 A10 - CAGE TELCO - CAPGEMINI;SALLE DC2 A10 - CAGE TELCO - CAPGEMINI;3465322;OR225;OR238;;CST;MCO;OK;21/03/2007;21/03/2007;;False;;;;;21/03/2007 00:00;;;;
3080833;SALLE MGP IDRESO;SALLE MGP IDRESO;3465180;OR225;OR238;;CST;MCO;OK;10/03/2008;10/03/2008;;False;;;;;10/03/2008 00:00;;;;
14801640;SALLE B2-B;SALLE B2-B;3465180;OR225;OR238;;CST;MCO;OK;10/04/2020;10/04/2020;;False;;;;;10/04/2020 00:00;;;;
3082279;SALLE 110;SALLE 111;3461301;OR225;OR238;;CST;MCO;OK;11/06/2007;11/06/2007;;False;;;;;11/06/2007 00:00;;;;
3087969;LT ARMOIRE DE RUE 2 ROSNY;LT ARMOIRE DE RUE 2 ROSNY;3464544;OR225;OR238;;CST;MCO;OK;06/01/2009;06/01/2009;;False;;;;;06/01/2009 00:00;;;;
3079004;POP MCI IDC ST DENIS (SALLE COLO);POP MCI IDC ST DENIS (SALLE COLO);3465193;OR225;OR238;;CST;MCO;OK;08/03/2011;08/03/2011;;False;;;;;08/03/2011 00:00;;;;
3079005;POP MCI IDC ST DENIS (SALLE ???);POP MCI IDC ST DENIS (SALLE ???);3465193;OR225;OR238;;CST;MCO;OK;08/03/2011;08/03/2011;;False;;;;;08/03/2011 00:00;;;;
3078911;CAA GRAVELLE ST MAUR (URAL);CAA GRAVELLE ST MAUR (URAL);3464527;OR19;OR238;;CST;MCO;OK;11/10/2004;11/10/2004;;False;;;;;11/10/2004 00:00;;;;
3078585;CAA BERNY ANTHONY (URAL);CAA BERNY ANTHONY (URAL);3462828;OR19;OR238;;CST;MCO;OK;08/10/2004;08/10/2004;;False;;;;;08/10/2004 00:00;;;;
9555960;CPTL_IDF_LT NRA MUTUALISE BERNY- SALLE REPETITEUR;CPTL_IDF_LT NRA MUTUALISE BERNY- SALLE REPETITEUR;3462828;OR19;OR238;;CST;MCO;OK;30/11/2017;30/11/2017;;False;;;;;30/11/2017 00:00;;;;
3079419;URA MONTFERMEIL (XXXX) - SALLE REPARTITEUR;URA MONTFERMEIL (XXXX) - SALLE REPARTITEUR;3464735;OR19;OR238;;CST;MCO;OK;15/05/2004;15/05/2004;;False;;;;;15/05/2004 00:00;;;;
11153943;LOCAL TECHNIQUE ASNIERE;LOCAL TECHNIQUE ASNIERE;3462766;OR13;OR238;;CST;MCO;OK;01/02/2019;01/02/2019;;False;;;;;01/02/2019 00:00;;;;
20158136;CPTL_LT_CLIENT;CPTL_LT_CLIENT;3462766;OR13;OR238;;CST;MCO;OK;16/06/2021;16/06/2021;;False;;;;;16/06/2021 00:00;;;;
3077700;PRC FT CELAN;PRC FT CELAN;3461466;OR1;OR19;;CST;MCO;OK;05/07/2012;05/07/2012;;False;;;;;05/07/2012 00:00;;;;
8502244;SALLE TELCO;SALLE TELCO;3461466;OR1;OR238;;CST;MCO;OK;05/04/2017;05/04/2017;;False;;;;;05/04/2017 00:00;;;;
3077704;LT CAPITOLE CELLULE GLC;LT CAPITOLE CELLULE GLC;3461466;OR1;OR238;;CST;MCO;OK;27/12/2001;27/12/2001;;False;;;;;27/12/2001 00:00;;;;
3078478;FREE;FREE;3461908;OR1;OR238;;CST;MCO;OK;11/07/2008;11/07/2008;;True;;;;;11/07/2008 00:00;;;;
3078498;0B15 (SOLERI);0B15 (SOLERI);3461908;OR1;OR238;;CST;MCO;OK;11/07/2008;11/07/2008;;True;;;;;11/07/2008 00:00;;;;
3078515;2A04 (BOUYGUES TELECOM);2A04 (BOUYGUES TELECOM);3461908;OR1;OR238;;CST;MCO;OK;11/07/2008;11/07/2008;;True;;;;;11/07/2008 00:00;;;;
3078446;NC COB CH 0C;NC COB CH 0C;3461908;OR1;OR295;;CST;MCO;OK;17/01/2002;17/01/2002;;True;;;;;17/01/2002 00:00;;;;
3078447;0C03 (ODF D);0C03 (ODF D);3461908;OR1;OR295;;CST;MCO;OK;11/02/2002;11/02/2002;;True;;;;;11/02/2002 00:00;;;;
3078516;1A05 (LDCOM);1A05 (LDCOM);3461908;OR1;OR295;;CST;MCO;OK;29/01/2003;29/01/2003;;True;;;;;29/01/2003 00:00;;;;
3078448;0C02 (COMMUT 1);0C02 (COMMUT 1);3461908;OR1;OR295;;CST;MCO;OK;14/02/2002;14/02/2002;;True;;;;;14/02/2002 00:00;;;;
3078449;NC COB CELLULE  MUTUALISEE 1 (1A01);NC COB CELLULE  MUTUALISEE 1 (1A01);3461908;OR1;OR295;;CST;MCO;OK;19/11/2001;19/11/2001;;True;;;;;19/11/2001 00:00;;;;
3078432;0C04 (MUTUALISEE);0C04 (MUTUALISEE);3461908;OR1;OR295;;CST;MCO;OK;23/08/2010;23/08/2010;;True;;;;;23/08/2010 00:00;;;;
3078442;NC COB CELLULE  MUTUALISEE 2;NC COB CELLULE  MUTUALISEE 3;3461908;OR1;OR295;;CST;MCO;OK;19/12/2001;19/12/2001;;True;;;;;19/12/2001 00:00;;;;
9151129;SALLE LEVEL 3;SALLE LEVEL 4;3461908;OR1;OR238;;CST;MCO;OK;30/08/2017;30/08/2017;;True;;;;;30/08/2017 00:00;;;;
28099252;LTE000000016;LTE000000017;3461908;OR1;OR238;;CST;MCO;OK;20/10/2022;20/10/2022;;True;;;;;20/10/2022 00:00;;;;
6447544;NUMERICABLE;NUMERICABLE;3461908;OR1;OR238;;CST;MCO;OK;28/07/2015;28/07/2015;;True;;;;;28/07/2015 00:00;;;;
3078514;2A02 (NTT);2A02 (NTT);3461908;OR1;OR238;;CST;MCO;OK;11/07/2008;11/07/2008;;True;;;;;11/07/2008 00:00;;;;
3078519;1A03 (ODF F);1A03 (ODF F);3461908;OR1;OR238;;CST;MCO;OK;26/04/2005;26/04/2005;;True;;;;;26/04/2005 00:00;;;;
3078444;NC COB (LINX);NC COB (LINX);3461908;OR1;OR238;;CST;MCO;OK;20/12/2001;20/12/2001;;True;;;;;20/12/2001 00:00;;;;
3078493;0B11 (MUTUALISEE);0B11 (MUTUALISEE);3461908;OR1;OR238;;CST;MCO;OK;11/07/2008;11/07/2008;;True;;;;;11/07/2008 00:00;;;;
3078445;2A06 (MUTUALISEE);2A06 (MUTUALISEE);3461908;OR1;OR238;;CST;MCO;OK;20/12/2001;20/12/2001;;True;;;;;20/12/2001 00:00;;;;
3078503;1A01 Cage C&WR;1A01 Cage C&WR;3461908;OR1;OR238;;CST;MCO;OK;11/07/2008;11/07/2008;;True;;;;;11/07/2008 00:00;;;;
3078512;1C01 (SPRINT - PROSODIE);1C01 (SPRINT - PROSODIE);3461908;OR1;OR238;;CST;MCO;OK;11/07/2008;11/07/2008;;True;;;;;11/07/2008 00:00;;;;
3079565;FOD ESPLANADE DE LA DEFENSE (LC022);FOD ESPLANADE DE LA DEFENSE (LC022);3461784;OR225;OR238;;CST;MCO;OK;26/05/2004;26/05/2004;;False;;;;;26/05/2004 00:00;;;;
3079006;POP MCI IDC ST DENIS (SALLE OLO);POP MCI IDC ST DENIS (SALLE OLO);3465193;OR225;OR238;;CST;MCO;OK;09/12/2003;09/12/2003;;False;;;;;09/12/2003 00:00;;;;
3090225;NRA CHOISY LE ROI - SALLE REPARTITEUR;NRA CHOISY LE ROI - SALLE REPARTITEUR;3464217;OR19;OR238;;CST;MCO;OK;06/11/2009;06/11/2009;;False;;;;;06/11/2009 00:00;;;;
3079761;URA DESCARTES CHAMP-SUR-MARNE;URA DESCARTES CHAMP-SUR-MARNE;3464772;OR19;OR238;;CST;MCO;OK;15/05/2004;15/05/2004;;False;;;;;15/05/2004 00:00;;;;
20158137;LOCAL TECHNIQUE;LOCAL TECHNIQUE;3462766;OR13;OR238;;CST;MCO;OK;16/06/2021;16/06/2021;;False;;;;;16/06/2021 00:00;;;;
3077701;INFONET;INFONET;3461466;OR1;OR238;;CST;MCO;OK;15/04/2002;15/04/2002;;False;;;;;15/04/2002 00:00;;;;
3077705;SIRIS (SALLE AUCS S-SOL);SIRIS (SALLE AUCS S-SOL);3461466;OR1;OR238;;CST;MCO;OK;24/09/2002;24/09/2002;;False;;;;;24/09/2002 00:00;;;;
3077710;IBM (THEORIQUE);IBM (THEORIQUE);3461466;OR1;OR238;;CST;MCO;OK;28/05/2003;28/05/2003;;False;;;;;28/05/2003 00:00;;;;
3077699;SALLE RESEAU STERIA;SALLE RESEAU STERIA;3461466;OR1;OR238;;CST;MCO;OK;01/09/2009;01/09/2009;;False;;;;;01/09/2009 00:00;;;;
3077696;SALLE INTEROUTE;SALLE INTEROUTE;3461466;OR1;OR238;;CST;MCO;OK;28/09/2010;28/09/2010;;False;;;;;28/09/2010 00:00;;;;
3078469;2C03 (MUTUALISEE);2C03 (MUTUALISEE);3461908;OR1;OR238;;CST;MCO;OK;11/07/2008;11/07/2008;;True;;;;;11/07/2008 00:00;;;;
3078500;0C04 (GEFCO);0C04 (GEFCO);3461908;OR1;OR238;;CST;MCO;OK;11/07/2008;11/07/2008;;True;;;;;11/07/2008 00:00;;;;
3078487;0B05 (UNILEVER);0B05 (UNILEVER);3461908;OR1;OR238;;CST;MCO;OK;11/07/2008;11/07/2008;;True;;;;;11/07/2008 00:00;;;;
3078441;NC COB (BOUYGUES T) 2 ET COB I;NC COB (BOUYGUES T) 2 ET COB I;3461908;OR1;OR238;;CST;MCO;OK;19/12/2001;19/12/2001;;True;;;;;19/12/2001 00:00;;;;
3078474;3A01 (CELLULE LDCOM);3A01 (CELLULE LDCOM);3461908;OR1;OR238;;CST;MCO;OK;11/07/2008;11/07/2008;;True;;;;;11/07/2008 00:00;;;;
3078496;0B14 (DSI);0B14 (DSI);3461908;OR1;OR238;;CST;MCO;OK;11/07/2008;11/07/2008;;True;;;;;11/07/2008 00:00;;;;
3078460;0B16 (DASSAULT);0B16 (DASSAULT);3461908;OR1;OR238;;CST;MCO;OK;10/06/2008;10/06/2008;;True;;;;;10/06/2008 00:00;;;;
3078483;0B01 (MMR2);0B01 (MMR2);3461908;OR1;OR238;;CST;MCO;OK;11/07/2008;11/07/2008;;True;;;;;11/07/2008 00:00;;;;
3078455;2C06 (NERIM);2C06 (NERIM);3461908;OR1;OR238;;CST;MCO;OK;10/09/2008;10/09/2008;;True;;;;;10/09/2008 00:00;;;;
3078429;LTE100000014557;LTE100000014557;3461908;OR1;OR295;;CST;MCO;OK;05/08/2011;05/08/2011;;True;;;;;05/08/2011 00:00;;;;
3078122;0E01 (JET MULTIMEDIA);0E01 (JET MULTIMEDIA);3461908;OR1;OR295;;CST;MCO;OK;28/03/2011;28/03/2011;;True;;;;;28/03/2011 00:00;;;;
3078439;NC COB (TELIA) 2 ET COB I;NC COB (TELIA) 2 ET COB I;3461908;OR1;OR295;;CST;MCO;OK;19/12/2001;19/12/2001;;True;;;;;19/12/2001 00:00;;;;
3078126;2E01 (MUTUALISEE);2E01 (MUTUALISEE);3461908;OR1;OR295;;CST;MCO;OK;02/08/2010;02/08/2010;;True;;;;;02/08/2010 00:00;;;;
3078119;2E04 (DSI);2E04 (DSI);3461908;OR1;OR295;;CST;MCO;OK;18/09/2007;18/09/2007;;True;;;;;18/09/2007 00:00;;;;
3078121;SFR PROLOGUE - SALLE 5 - 3EME ETAGE;SFR PROLOGUE - SALLE 5 - 3EME ETAGE;3461908;OR1;OR295;;CST;MCO;OK;16/12/2009;16/12/2009;;True;;;;;16/12/2009 00:00;;;;
3078120;0E02 (JET MULTIMEDIA);0E02 (JET MULTIMEDIA);3461908;OR1;OR295;;CST;MCO;OK;29/03/2011;29/03/2011;;True;;;;;29/03/2011 00:00;;;;
3078123;2E01 (AFONE);2E01 (AFONE);3461908;OR1;OR295;;CST;MCO;OK;02/08/2010;02/08/2010;;True;;;;;02/08/2010 00:00;;;;
3078434;2A10 (ODF A);2A10 (ODF A);3461908;OR1;OR295;;CST;MCO;OK;31/07/2001;31/07/2001;;True;;;;;31/07/2001 00:00;;;;
3078435;0A02 (ODF B);0A02 (ODF B);3461908;OR1;OR295;;CST;MCO;OK;31/07/2001;31/07/2001;;True;;;;;31/07/2001 00:00;;;;
3078436;0B02 (ODF C);0B02 (ODF C);3461908;OR1;OR295;;CST;MCO;OK;31/07/2001;31/07/2001;;True;;;;;31/07/2001 00:00;;;;
3078438;NC COB CH 0B;NC COB CH 0B;3461908;OR1;OR295;;CST;MCO;OK;17/10/2001;17/10/2001;;True;;;;;17/10/2001 00:00;;;;
3093780;BAIE SFR NANTERRE GARE BIS TGBT NÂ°1;BAIE SFR NANTERRE GARE BIS TGBT NÂ°2;3461550;OR1;OR1;;CST;MCO;OK;19/12/2011;19/12/2011;;False;;;;;19/12/2011 00:00;;;;
3093979;LT [FTTS FONTENAY SCEAUX];LT [FTTS FONTENAY SCEAUX];3462646;OR1;OR238;;CST;MCO;OK;29/12/2011;29/12/2011;;False;;;;;29/12/2011 00:00;;;;
4404537;LOCAL-TECHNIQUE;LOCAL-TECHNIQUE;4931201;OR1;OR238;;CST;MCO;OK;08/07/2013;08/07/2013;;False;;;;;08/07/2013 00:00;;;;
3077779;SALLE 1A02 - NEUF TELECOM;SALLE 1A02 - NEUF TELECOM;3464111;OR1;OR238;;CST;MCO;OK;15/03/2002;15/03/2002;;False;;;;;15/03/2002 00:00;;;;
21036228;LT NORAUTO;LT NORAUTO;3464111;OR1;OR238;;CST;MCO;OK;17/08/2021;17/08/2021;;False;;;;;17/08/2021 00:00;;;;
3077778;SALLE 1A04 SWITCH;SALLE 1A04 SWITCH;3464111;OR1;OR238;;CST;MCO;OK;26/12/2001;26/12/2001;;False;;;;;26/12/2001 00:00;;;;
3077608;SALLE 2 - ODF;SALLE 2 - ODF;3465334;OR225;OR238;;CST;MCO;OK;24/01/2002;24/01/2002;;True;;;;;24/01/2002 00:00;;;;
3080832;SALLE B1 - CAPGEMINI;SALLE B1 - CAPGEMINI;3465180;OR225;OR238;;CST;MCO;OK;05/08/2008;05/08/2008;;False;;;;;05/08/2008 00:00;;;;
3082278;MMR;MMR;3461301;OR225;OR238;;CST;MCO;OK;27/02/2008;27/02/2008;;False;;;;;27/02/2008 00:00;;;;
3424697;CENTRAL FT - TERASSE;CENTRAL FT - TERASSE;3461319;OR19;OR238;;CST;MCO;OK;06/12/2012;06/12/2012;;False;;;;;06/12/2012 00:00;;;;
3077708;NANTERRE 1.1 BB - 3EME ETAGE;NANTERRE 1.1 BB - 3EME ETAGE;3461466;OR1;OR238;;CST;MCO;OK;10/06/2008;10/06/2008;;False;;;;;10/06/2008 00:00;;;;
3077709;LT CAPITOLE (SOUS-SOL AU -5);LT CAPITOLE (SOUS-SOL AU -5);3461466;OR1;OR238;;CST;MCO;OK;09/01/2003;09/01/2003;;False;;;;;09/01/2003 00:00;;;;
3078477;Prolog 1;Prolog 2;3461908;OR1;OR238;;CST;MCO;OK;11/07/2008;11/07/2008;;True;;;;;11/07/2008 00:00;;;;
3078462;1A01 (GRILLAGEE NEUF);1A01 (GRILLAGEE NEUF);3461908;OR1;OR238;;CST;MCO;OK;10/06/2008;10/06/2008;;True;;;;;10/06/2008 00:00;;;;
3078508;1A06 Cage TI;1A06 Cage TI;3461908;OR1;OR238;;CST;MCO;OK;11/07/2008;11/07/2008;;True;;;;;11/07/2008 00:00;;;;
3078518;2A08 (ODF E);2A08 (ODF E);3461908;OR1;OR238;;CST;MCO;OK;26/04/2005;26/04/2005;;True;;;;;26/04/2005 00:00;;;;
3078470;2C04 (MUTUALISEE);2C04 (MUTUALISEE);3461908;OR1;OR238;;CST;MCO;OK;11/07/2008;11/07/2008;;True;;;;;11/07/2008 00:00;;;;
3078482;2C04 (CAGE AFONE);2C04 (CAGE AFONE);3461908;OR1;OR238;;CST;MCO;OK;22/12/2008;22/12/2008;;True;;;;;22/12/2008 00:00;;;;
3078480;3A01 (INTERFORUM);3A01 (INTERFORUM);3461908;OR1;OR238;;CST;MCO;OK;18/09/2008;18/09/2008;;True;;;;;18/09/2008 00:00;;;;
3078472;2C06 (ASSYSTEM);2C06 (ASSYSTEM);3461908;OR1;OR238;;CST;MCO;OK;11/07/2008;11/07/2008;;True;;;;;11/07/2008 00:00;;;;
3077780;POP BELGACOM AUBERVILLIERS (SOUS-SOL);POP BELGACOM AUBERVILLIERS (SOUS-SOL);3464111;OR1;OR293;;CST;MCO;OK;16/09/2002;16/09/2002;;False;;;;;16/09/2002 00:00;;;;
3077777;SALLE 1A03 - SALLE NEUF TELECOM;SALLE 1A03 - SALLE NEUF TELECOM;3464111;OR1;OR295;;CST;MCO;OK;31/01/2002;31/01/2002;;False;;;;;31/01/2002 00:00;;;;
4556554;LOCAL-TECHNIQUE;LOCAL-TECHNIQUE;5095041;OR1;OR238;;CST;MCO;OK;14/08/2013;14/08/2013;;False;;;;;14/08/2013 00:00;;;;
3077918;LT POP 9T BOULOGNE ALPHA (SOUS-SOL);LT POP 9T BOULOGNE ALPHA (SOUS-SOL);3461888;OR1;OR306;;CST;MCO;OK;11/12/2001;11/12/2001;;False;;;;;11/12/2001 00:00;;;;
3077919;POP 9T BOULOGNE PARIS (RDC);POP 9T BOULOGNE PARIS (RDC);3461888;OR1;OR238;;CST;MCO;OK;07/10/2003;07/10/2003;;False;;;;;07/10/2003 00:00;;;;
20693495;CPTL_IDF_LT_NEUF TELECOM;CPTL_IDF_LT_NEUF TELECOM;3461888;OR1;OR225;;CST;MCO;OK;20/07/2021;20/07/2021;;False;;;;;20/07/2021 00:00;;;;
3077920;POP 9T BOULOGNE PARIS (NOC-5EME);POP 9T BOULOGNE PARIS (NOC-5EME);3461888;OR1;OR238;;CST;MCO;OK;07/10/2003;07/10/2003;;False;;;;;07/10/2003 00:00;;;;
3077921;POP 9T BOULOGNE BILLANCOURT (INFORMATIQUE -1);POP 9T BOULOGNE BILLANCOURT (INFORMATIQUE -1);3461888;OR1;OR295;;CST;MCO;OK;20/03/2007;20/03/2007;;False;;;;;20/03/2007 00:00;;;;
3079977;POP ESSEN RUNGIS SILIC (XXXX);POP ESSEN RUNGIS SILIC (XXXX);3465005;OR1;OR238;;CST;MCO;OK;12/10/2005;12/10/2005;;True;;;;;12/10/2005 00:00;;;;
3082269;SALLE 0A01;SALLE 0A02;3461806;OR1;OR295;;CST;MCO;OK;12/09/2007;12/09/2007;;False;;;;;12/09/2007 00:00;;;;
3078285;SALLE MUTUALISEE;SALLE MUTUALISEE;3464430;OR1;OR295;;CST;MCO;OK;12/04/2002;12/04/2002;;False;;;;;12/04/2002 00:00;;;;
4782456;LOCAL TECHNIQUE;LOCAL TECHNIQUE;5295057;OR1;OR238;;CST;MCO;OK;23/10/2013;23/10/2013;;False;;;;;23/10/2013 00:00;;;;
3079974;SALLE 1;SALLE 2;3464522;OR1;OR238;;CST;MCO;OK;05/10/2005;05/10/2005;;False;;;;;05/10/2005 00:00;;;;
3077968;LT POP IRISE KREMLIN;LT POP IRISE KREMLIN;3465073;OR1;OR238;;CST;MCO;OK;23/08/2002;23/08/2002;;False;;;;;23/08/2002 00:00;;;;
3088886;LT FTTH LE BLANC-MESNIL;LT FTTH LE BLANC-MESNIL;3464456;OR1;OR238;;CST;MCO;OK;09/06/2009;09/06/2009;;False;;;;;09/06/2009 00:00;;;;
3093059;LT [POP FTTS FONTENAY LA GARE];LT [POP FTTS FONTENAY LA GARE];3464464;OR1;OR1;;CST;MCO;OK;20/02/2012;20/02/2012;;False;;;;;20/02/2012 00:00;;;;
4975100;LOCAL-TECHNIQUE;LOCAL-TECHNIQUE;5462130;OR1;OR238;;CST;MCO;OK;17/12/2013;17/12/2013;;False;;;;;17/12/2013 00:00;;;;
3078209;SALLE MUTUALISE;SALLE MUTUALISE;3464702;OR1;OR306;;CST;MCO;OK;16/07/2002;16/07/2002;;False;;;;;16/07/2002 00:00;;;;
3078385;SALLE 25B;SALLE 25B;3465322;OR225;OR238;;CST;MCO;OK;10/11/2009;10/11/2009;;False;;;;;10/11/2009 00:00;;;;
3078388;SALLE 11 GH1 - CAPGEMINI;SALLE 11 GH1 - CAPGEMINI;3465322;OR225;OR238;;CST;MCO;OK;21/03/2007;21/03/2007;;False;;;;;21/03/2007 00:00;;;;
3079003;SALLE INGENICO;SALLE INGENICO;3465193;OR225;OR238;;CST;MCO;OK;21/06/2011;21/06/2011;;False;;;;;21/06/2011 00:00;;;;
3079496;POP MEDIATION TELECOM MONTREUIL (XXXX);POP MEDIATION TELECOM MONTREUIL (XXXX);3464252;OR225;OR238;;CST;MCO;OK;04/10/2004;04/10/2004;;False;;;;;04/10/2004 00:00;;;;
3077934;POP TISCALI NOUVELLE ADDUCTION??;POP TISCALI NOUVELLE ADDUCTION??;3461795;OR225;OR238;;CST;MCO;OK;21/10/2004;21/10/2004;;False;;;;;21/10/2004 00:00;;;;
6829241;SALLE;SALLE;3461319;OR19;OR238;;CST;MCO;OK;21/01/2016;21/01/2016;;False;;;;;21/01/2016 00:00;;;;
20158135;CPTL_IDF_LT_ASSURANCES ET CONSEILS;CPTL_IDF_LT_ASSURANCES ET CONSEILS;3462766;OR13;OR225;;CST;MCO;OK;16/06/2021;16/06/2021;;False;;;;;16/06/2021 00:00;;;;
3823753;HALL B - 3EME - SALLE GARMIN;HALL B - 3EME - SALLE GARMIN;3461466;OR1;OR238;;CST;MCO;OK;14/03/2013;14/03/2013;;False;;;;;14/03/2013 00:00;;;;
9133188;CPTL_IDF_CAPITOLE  R+4;CPTL_IDF_CAPITOLE  R+5;3461466;OR1;OR238;;CST;MCO;OK;25/08/2017;25/08/2017;;False;;;;;25/08/2017 00:00;;;;
3077702;METROMEDIA MMFN;METROMEDIA MMFN;3461466;OR1;OR238;;CST;MCO;OK;15/04/2002;15/04/2002;;False;;;;;15/04/2002 00:00;;;;
3077781;BAT C - SALLE C219 - TELIA;BAT C - SALLE C219 - TELIA;3464111;OR1;OR238;;CST;MCO;OK;11/08/2008;11/08/2008;;False;;;;;11/08/2008 00:00;;;;
3078210;POP BOUYGUES NOISY LE GRAND;POP BOUYGUES NOISY LE GRAND;3464702;OR1;OR27;;CST;MCO;OK;20/08/2004;20/08/2004;;False;;;;;20/08/2004 00:00;;;;
3078208;PRC FT CELAN;PRC FT CELAN;3464702;OR1;OR19;;CST;MCO;OK;05/07/2012;05/07/2012;;False;;;;;05/07/2012 00:00;;;;
3078207;LOCAL INFORMATIQUE 4EME ETAGE (POP CROIX ROUGE MONTAIGNE);LOCAL INFORMATIQUE 4EME ETAGE (POP CROIX ROUGE MONTAIGNE);3464702;OR1;OR238;;CST;MCO;OK;03/03/2011;03/03/2011;;False;;;;;03/03/2011 00:00;;;;
3092410;BPE IMMEUBLE;BPE IMMEUBLE;3462703;OR1;OR1;;CST;MCO;OK;08/03/2011;08/03/2011;;False;;;;;08/03/2011 00:00;;;;
3084198;CGTEL_SFR/PTC1 ARCUEIL;CGTEL_SFR/PTC1 ARCUEIL;3462996;OR1;OR1;;CST;MCO;OK;28/11/2002;28/11/2002;;False;;;;;28/11/2002 00:00;;;;
3084197;TD_BAGNEUX COQUARTS SFRPTC;TD_BAGNEUX COQUARTS SFRPTC;3462996;OR1;OR1;;CST;MCO;OK;05/12/2007;05/12/2007;;False;;;;;05/12/2007 00:00;;;;
3092944;LT [POP FTTS LE PERREUX GAL LECLERC];LT [POP FTTS LE PERREUX GAL LECLERC];3464578;OR1;OR1;;CST;MCO;OK;21/02/2012;21/02/2012;;False;;;;;21/02/2012 00:00;;;;
3093241;BAIE SFR TGBT NÂ°1;BAIE SFR TGBT NÂ°2;3461453;OR1;OR295;;CST;MCO;OK;16/12/2011;16/12/2011;;False;;;;;16/12/2011 00:00;;;;
3092466;LT [FTTS CHAMPIGNY (FOURCHETTE)];LT [FTTS CHAMPIGNY (FOURCHETTE)];3464557;OR1;OR1;;CST;MCO;OK;02/02/2012;02/02/2012;;False;;;;;02/02/2012 00:00;;;;
4600857;LOCAL-TECHNIQUE;LOCAL-TECHNIQUE;5138353;OR1;OR238;;CST;MCO;OK;02/09/2013;02/09/2013;;False;;;;;02/09/2013 00:00;;;;
3091795;LT [NOM DE SALLE];LT [NOM DE SALLE];3470951;OR1;OR1;;CST;MCO;OK;27/01/2011;27/01/2011;;True;;;;;27/01/2011 00:00;;;;
3088858;LOCAL TECHNIQUE OPALYS;LOCAL TECHNIQUE OPALYS;3464326;OR1;OR295;;CST;MCO;OK;27/05/2010;27/05/2010;;False;;;;;27/05/2010 00:00;;;;
3078992;LT [FTTS BOBIGNY VAILLANT];LT [FTTS BOBIGNY VAILLANT];3464474;OR1;OR1;;CST;MCO;OK;13/06/2012;13/06/2012;;False;;;;;13/06/2012 00:00;;;;
6185400;TOUR TDF;TOUR TDF;3462587;OR1;OR238;;CST;MCO;OK;08/01/2015;08/01/2015;;False;;;;;08/01/2015 00:00;;;;
3079162;LT POP CEGETEL VEOLIA - RDC - RG06-RESEAU;LT POP CEGETEL VEOLIA - RDC - RG06-RESEAU;3464459;OR1;OR238;;CST;MCO;OK;10/02/2004;10/02/2004;;False;;;;;10/02/2004 00:00;;;;
5029496;LOCAL INFORMATIQUE _ Niv RDC;LOCAL INFORMATIQUE _ Niv RDC;3464459;OR1;OR238;;CST;MCO;OK;08/01/2014;08/01/2014;;False;;;;;08/01/2014 00:00;;;;
3094048;LT [POP FTTS CHEVILLY LARUE];LT [POP FTTS CHEVILLY LARUE];3465270;OR1;OR1;;CST;MCO;OK;13/03/2012;13/03/2012;;False;;;;;13/03/2012 00:00;;;;
3092996;LT [POP FTTS ARCUEIL LE BRIAND];LT [POP FTTS ARCUEIL LE BRIAND];3463310;OR1;OR1;;CST;MCO;OK;24/01/2012;24/01/2012;;False;;;;;24/01/2012 00:00;;;;
3092871;LT [FTTS CHAMPIGNY (CENTRE TECH)];LT [FTTS CHAMPIGNY (CENTRE TECH)];3464592;OR1;OR1;;CST;MCO;OK;15/02/2012;15/02/2012;;False;;;;;15/02/2012 00:00;;;;
3093448;LT [PIERREFITTE(BUTTE PINSON)];LT [PIERREFITTE(BUTTE PINSON)];3465022;OR1;OR1;;CST;MCO;OK;22/05/2012;22/05/2012;;False;;;;;22/05/2012 00:00;;;;
4662777;LOCAL-TECHNIQUE;LOCAL-TECHNIQUE;5191362;OR1;OR238;;CST;MCO;OK;18/09/2013;18/09/2013;;False;;;;;18/09/2013 00:00;;;;
4049976;LOCAL-TECHNIQUE;LOCAL-TECHNIQUE;4564161;OR1;OR238;;CST;MCO;OK;03/05/2013;03/05/2013;;False;;;;;03/05/2013 00:00;;;;
3093290;LT [FTTS ROMAINVILLE ( CARNOT)];LT [FTTS ROMAINVILLE ( CARNOT)];3464390;OR1;OR1;;CST;MCO;OK;13/02/2012;13/02/2012;;False;;;;;13/02/2012 00:00;;;;
3093082;LT [POP FTTS VIROFLAY-NORD];LT [POP FTTS VIROFLAY-NORD];3461288;OR1;OR1;;CST;MCO;OK;29/02/2012;29/02/2012;;False;;;;;29/02/2012 00:00;;;;
3094508;LT [FTTS BRY SUR MARNE (GNAL DE GAULLE)];LT [FTTS BRY SUR MARNE (GNAL DE GAULLE)];3464684;OR1;OR1;;CST;MCO;OK;07/02/2012;07/02/2012;;False;;;;;07/02/2012 00:00;;;;
23367412;SALLE 15-D;SALLE 15-D;3465334;OR225;OR238;;CST;MCO;OK;13/12/2021;13/12/2021;;True;;;;;13/12/2021 00:00;;;;
9050646;SALLE-MUTUALISE;SALLE-MUTUALISE;3465334;OR225;OR238;;CST;MCO;OK;09/08/2017;09/08/2017;;True;;;;;09/08/2017 00:00;;;;
9067844;SALLE-CPTL;SALLE-CPTL;3465334;OR225;OR238;;CST;MCO;OK;11/08/2017;11/08/2017;;True;;;;;11/08/2017 00:00;;;;
3728696;BAT EDISON - RDC - LOCAL INFO;BAT EDISON - RDC - LOCAL INFO;3462448;OR21;OR238;;CST;MCO;OK;21/02/2013;21/02/2013;;True;;;;;21/02/2013 00:00;;;;
7939588;SALLE 2E01;SALLE 2E02;3461908;OR1;OR238;;CST;MCO;OK;13/12/2016;13/12/2016;;True;;;;;13/12/2016 00:00;;;;
8165204;0B08 (COMPLETEL);0B08 (COMPLETEL);3461908;OR1;OR238;;CST;MCO;OK;31/01/2017;31/01/2017;;True;;;;;31/01/2017 00:00;;;;
28126166;LT_COURBEVOIE;LT_COURBEVOIE;3461908;OR1;OR238;;CST;MCO;OK;24/10/2022;24/10/2022;;True;;;;;24/10/2022 00:00;;;;
9128408;CPTL_IDF_LDCOM SALLE OB04;CPTL_IDF_LDCOM SALLE OB05;3461908;OR1;OR238;;CST;MCO;OK;24/08/2017;24/08/2017;;True;;;;;24/08/2017 00:00;;;;
8896981;CPTL_IDF_NETCENTER_LDCOM SALLE 1A01;CPTL_IDF_NETCENTER_LDCOM SALLE 1A02;3461908;OR1;OR238;;CST;MCO;OK;06/07/2017;06/07/2017;;True;;;;;06/07/2017 00:00;;;;
28151093;LTE000000041;LTE000000042;3461908;OR1;OR238;;CST;MCO;OK;24/10/2022;24/10/2022;;True;;;;;24/10/2022 00:00;;;;
4032697;ZONE TECHNIQUE SFR;ZONE TECHNIQUE SFR;3470951;OR1;OR238;;CST;MCO;OK;29/04/2013;29/04/2013;;True;;;;;29/04/2013 00:00;;;;
3094343;LT [FTTS THIAIS HOCHE];LT [FTTS THIAIS HOCHE];3464140;OR1;OR1;;CST;MCO;OK;21/02/2012;21/02/2012;;False;;;;;21/02/2012 00:00;;;;
4497992;LOCAL-TECHNIQUE SFR;LOCAL-TECHNIQUE SFR;5043553;OR1;OR238;;CST;MCO;OK;25/07/2013;25/07/2013;;False;;;;;25/07/2013 00:00;;;;
3093528;LT [POP FTTS PONT D'ARGENTEUIL];LT [POP FTTS PONT D'ARGENTEUIL];3461822;OR1;OR1;;CST;MCO;OK;15/02/2012;15/02/2012;;False;;;;;15/02/2012 00:00;;;;
3092808;BAIE SFR TGBT NÂ° 1;BAIE SFR TGBT NÂ° 2;3461313;OR1;OR1;;CST;MCO;OK;29/11/2011;29/11/2011;;False;;;;;29/11/2011 00:00;;;;
3077558;GALERIE PONT DE NEUILLY;GALERIE PONT DE NEUILLY;3461860;OR1;OR295;;CST;MCO;OK;18/05/2001;18/05/2001;;False;;;;;18/05/2001 00:00;;;;
3093286;LT [POP FTTS NOISY LE SEC];LT [POP FTTS NOISY LE SEC];3464485;OR1;OR1;;CST;MCO;OK;31/01/2012;31/01/2012;;False;;;;;31/01/2012 00:00;;;;
4607096;LOCAL-TECHNIQUE;LOCAL-TECHNIQUE;5143409;OR1;OR238;;CST;MCO;OK;03/09/2013;03/09/2013;;False;;;;;03/09/2013 00:00;;;;
3077560;PONT DE SEVRES (RD) MUTUALISE LT;PONT DE SEVRES (RD) MUTUALISE LT;3461583;OR1;OR295;;CST;MCO;OK;27/06/2001;27/06/2001;;False;;;;;27/06/2001 00:00;;;;
3093649;LT [FTTS NOGENT SUR MARNE (MAIRIE)];LT [FTTS NOGENT SUR MARNE (MAIRIE)];3464566;OR1;OR1;;CST;MCO;OK;31/01/2012;31/01/2012;;False;;;;;31/01/2012 00:00;;;;
4499577;LT [POP FTTS CERGY BASE NAUTIQUE];LT [POP FTTS CERGY BASE NAUTIQUE];5043569;OR1;OR238;;CST;MCO;OK;25/07/2013;25/07/2013;;False;;;;;25/07/2013 00:00;;;;
3094476;LT FTTS VILLENEUVE LE ROI HAUT;LT FTTS VILLENEUVE LE ROI HAUT;3464180;OR1;OR1;;CST;MCO;OK;14/03/2012;14/03/2012;;False;;;;;14/03/2012 00:00;;;;
3093460;LT [FTTS ST MAUR CHERON];LT [FTTS ST MAUR CHERON];3464571;OR1;OR1;;CST;MCO;OK;12/04/2012;12/04/2012;;False;;;;;12/04/2012 00:00;;;;
4059580;LOCAL-TECHNIQUE;LOCAL-TECHNIQUE;4572801;OR1;OR238;;CST;MCO;OK;07/05/2013;07/05/2013;;False;;;;;07/05/2013 00:00;;;;
3094338;LT [FTTS RUE DE LA FONTAINE];LT [FTTS RUE DE LA FONTAINE];3461351;OR1;OR1;;CST;MCO;OK;17/01/2012;17/01/2012;;False;;;;;17/01/2012 00:00;;;;
4212862;LOCAL-TECHNIQUE;LOCAL-TECHNIQUE;4661121;OR1;OR238;;CST;MCO;OK;05/06/2013;05/06/2013;;False;;;;;05/06/2013 00:00;;;;
3085787;LT [PAVILLONS SOUS BOIS];LT [PAVILLONS SOUS BOIS];3464583;OR1;OR1;;CST;MCO;OK;19/01/2012;19/01/2012;;False;;;;;19/01/2012 00:00;;;;
3092782;LT [FTTS CHOISY LE ROI GARE];LT [FTTS CHOISY LE ROI GARE];3464195;OR1;OR1;;CST;MCO;OK;09/05/2012;09/05/2012;;False;;;;;09/05/2012 00:00;;;;
3093452;LT [POP PTC SCEAUX (EPF)];LT [POP PTC SCEAUX (EPF)];3462786;OR1;OR238;;CST;MCO;OK;20/10/2011;20/10/2011;;False;;;;;20/10/2011 00:00;;;;
4871752;LOCAL-TECHNIQUE;LOCAL-TECHNIQUE;5376337;OR1;OR238;;CST;MCO;OK;19/11/2013;19/11/2013;;False;;;;;19/11/2013 00:00;;;;
3094076;LT [FTTS CHENNEVIERES SUR MARNE];LT [FTTS CHENNEVIERES SUR MARNE];3464661;OR1;OR1;;CST;MCO;OK;17/02/2012;17/02/2012;;False;;;;;17/02/2012 00:00;;;;
16227236;LOCAL-TECHNIQUE;LOCAL-TECHNIQUE;15437633;OR279;OR238;;CST;MCO;OK;07/08/2020;07/08/2020;;False;;;;;07/08/2020 00:00;;;;
3079769;POP TELCITE BOISSY ST LEGER (LC019);POP TELCITE BOISSY ST LEGER (LC019);3464594;OR4;OR4;;CST;MCO;OK;20/08/2004;20/08/2004;;False;;;;;20/08/2004 00:00;;;;
3079143;LT LIGNE A V2;LT LIGNE A V3;3461652;OR4;OR238;;CST;MCO;OK;08/09/2003;08/09/2003;;False;;;;;08/09/2003 00:00;;;;
3079144;LT LIGNE 1 V1 (LC335);LT LIGNE 1 V1 (LC335);3461652;OR4;OR238;;CST;MCO;OK;23/09/2003;23/09/2003;;False;;;;;23/09/2003 00:00;;;;
3080654;TELCITE ORLY PET BRASSAGE (XXXX);TELCITE ORLY PET BRASSAGE (XXXX);3465065;OR4;OR295;;CST;MCO;OK;28/06/2006;28/06/2006;;False;;;;;28/06/2006 00:00;;;;
3086988;TELCITE MAIRIE DES LILAS (XXXX);TELCITE MAIRIE DES LILAS (XXXX);3464235;OR4;OR238;;CST;MCO;OK;14/04/2008;14/04/2008;;False;;;;;14/04/2008 00:00;;;;
3082788;TD_LA COURNEUVE JAURES TELCIT;TD_LA COURNEUVE JAURES TELCIT;3464194;OR4;OR4;;CST;MCO;OK;05/12/2007;05/12/2007;;False;;;;;05/12/2007 00:00;;;;
3082789;CGTEL_TELCITE/LA COURNEUVE;CGTEL_TELCITE/LA COURNEUVE;3464194;OR4;OR4;;CST;MCO;OK;30/09/2002;30/09/2002;;False;;;;;30/09/2002 00:00;;;;
3086629;TELCITE REUIL MALMAISON (LC008);TELCITE REUIL MALMAISON (LC008);3461283;OR4;OR238;;CST;MCO;OK;18/11/2003;18/11/2003;;False;;;;;18/11/2003 00:00;;;;
3333178;GLOBALSWITCH - ODF 112;GLOBALSWITCH - ODF 113;3462702;OR222;OR238;;CST;MCO;OK;14/11/2012;14/11/2012;;False;;;;;14/11/2012 00:00;;;;
3078017;MMR1 - SALLE 3 S-SOL - LEVEL 1;MMR1 - SALLE 3 S-SOL - LEVEL 2;3462702;OR222;OR238;;CST;MCO;OK;24/10/2001;24/10/2001;;False;;;;;24/10/2001 00:00;;;;
3078018;MMR2 - SALLE 248 - LEVEL 2;MMR2 - SALLE 248 - LEVEL 3;3462702;OR222;OR238;;CST;MCO;OK;08/01/2002;08/01/2002;;False;;;;;08/01/2002 00:00;;;;
3078028;SALLE STARC NORD - LEVEL 5;SALLE STARC NORD - LEVEL 6;3462702;OR222;OR238;;CST;MCO;OK;25/06/2008;25/06/2008;;False;;;;;25/06/2008 00:00;;;;
3078029;SALLE POI CABLE & WIRELESS;SALLE POI CABLE & WIRELESS;3462702;OR222;OR238;;CST;MCO;OK;17/07/2003;17/07/2003;;False;;;;;17/07/2003 00:00;;;;
9034294;CPTL_IDF_LT_GLOBAL_SWITCH;CPTL_IDF_LT_GLOBAL_SWITCH;3462702;OR222;OR238;;CST;MCO;OK;04/08/2017;04/08/2017;;False;;;;;04/08/2017 00:00;;;;
5867592;SALLE POLLUX;SALLE POLLUX;3462702;OR222;OR238;;CST;MCO;OK;08/09/2014;08/09/2014;;False;;;;;08/09/2014 00:00;;;;
3078011;LT EMERAUDE LEVEL 2 1ER SOUS SOL;LT EMERAUDE LEVEL 2 1ER SOUS SOL;3462702;OR222;OR238;;CST;MCO;OK;26/10/2011;26/10/2011;;False;;;;;26/10/2011 00:00;;;;
3078025;SALLE CLICHY 3, NIVEAU 5;SALLE CLICHY 3, NIVEAU 6;3462702;OR222;OR238;;CST;MCO;OK;18/06/2008;18/06/2008;;False;;;;;18/06/2008 00:00;;;;
3078007;SALLE ROME1 - LEVEL 4;SALLE ROME1 - LEVEL 5;3462702;OR222;OR238;;CST;MCO;OK;09/11/2011;09/11/2011;;False;;;;;09/11/2011 00:00;;;;
3078031;SALLE DC1 - LEVEL 2 - CAPGEMINI;SALLE DC1 - LEVEL 2 - CAPGEMINI;3462702;OR222;OR238;;CST;MCO;OK;21/03/2007;21/03/2007;;False;;;;;21/03/2007 00:00;;;;
3078034;SALLE B3 STG1 - LEVEL 2 - CAPGEMINI;SALLE B3 STG1 - LEVEL 2 - CAPGEMINI;3462702;OR222;OR238;;CST;MCO;OK;21/03/2007;21/03/2007;;False;;;;;21/03/2007 00:00;;;;
3078014;SALLE  PROCAPITAL - LEVEL 5;SALLE  PROCAPITAL - LEVEL 6;3462702;OR222;OR238;;CST;MCO;OK;15/06/2009;15/06/2009;;False;;;;;15/06/2009 00:00;;;;
3333177;GLOBALSWITCH - ODF 124;GLOBALSWITCH - ODF 125;3462702;OR222;OR238;;CST;MCO;OK;14/11/2012;14/11/2012;;False;;;;;14/11/2012 00:00;;;;
5156221;SALLE ROME2 - LEVEL 4 - CAGE NCS;SALLE ROME2 - LEVEL 4 - CAGE NCS;3462702;OR222;OR238;;CST;MCO;OK;12/02/2014;12/02/2014;;False;;;;;12/02/2014 00:00;;;;
3078019;SALLE NAYCO - RDC;SALLE NAYCO - RDC;3462702;OR222;OR238;;CST;MCO;OK;22/07/2008;22/07/2008;;False;;;;;22/07/2008 00:00;;;;
3077615;SALLE 7C STG2;SALLE 7C STG3;3465334;OR225;OR238;;CST;MCO;OK;21/03/2007;21/03/2007;;True;;;;;21/03/2007 00:00;;;;
3078488;0B06 (NERIM);0B06 (NERIM);3461908;OR1;OR238;;CST;MCO;OK;11/07/2008;11/07/2008;;True;;;;;11/07/2008 00:00;;;;
3078510;1A07 TI;1A07 TI;3461908;OR1;OR238;;CST;MCO;OK;11/07/2008;11/07/2008;;True;;;;;11/07/2008 00:00;;;;
3078505;1A03 (BELGACOM);1A03 (BELGACOM);3461908;OR1;OR238;;CST;MCO;OK;11/07/2008;11/07/2008;;True;;;;;11/07/2008 00:00;;;;
3078489;0B07 (OVERLAP/ VEDIOR BIS);0B07 (OVERLAP/ VEDIOR BIS);3461908;OR1;OR238;;CST;MCO;OK;11/07/2008;11/07/2008;;True;;;;;11/07/2008 00:00;;;;
3078454;2A03 (NETS TISCALI);2A03 (NETS TISCALI);3461908;OR1;OR238;;CST;MCO;OK;10/09/2008;10/09/2008;;True;;;;;10/09/2008 00:00;;;;
3078501;0D01 (TELE 2);0D01 (TELE 2);3461908;OR1;OR238;;CST;MCO;OK;11/07/2008;11/07/2008;;True;;;;;11/07/2008 00:00;;;;
3078509;1A07 (MUTUALISEE);1A07 (MUTUALISEE);3461908;OR1;OR238;;CST;MCO;OK;11/07/2008;11/07/2008;;True;;;;;11/07/2008 00:00;;;;
3078431;0B13 (SISTEER);0B13 (SISTEER);3461908;OR1;OR238;;CST;MCO;OK;15/12/2010;15/12/2010;;True;;;;;15/12/2010 00:00;;;;
3078471;2C05 (ZONE DSI);2C05 (ZONE DSI);3461908;OR1;OR238;;CST;MCO;OK;11/07/2008;11/07/2008;;True;;;;;11/07/2008 00:00;;;;
3078465;1A01 (PSA);1A01 (PSA);3461908;OR1;OR238;;CST;MCO;OK;09/04/2010;09/04/2010;;True;;;;;09/04/2010 00:00;;;;
3078499;0B15 (T-SYSTEMS);0B15 (T-SYSTEMS);3461908;OR1;OR238;;CST;MCO;OK;11/07/2008;11/07/2008;;True;;;;;11/07/2008 00:00;;;;
3078475;3A01 (MUTUALISEE);3A01 (MUTUALISEE);3461908;OR1;OR238;;CST;MCO;OK;11/07/2008;11/07/2008;;True;;;;;11/07/2008 00:00;;;;
3078464;SALLE PROLOG 1 OSESER;SALLE PROLOG 1 OSESER;3461908;OR1;OR238;;CST;MCO;OK;18/07/2008;18/07/2008;;True;;;;;18/07/2008 00:00;;;;
3078481;SFR PROLOGUE - SALLE 60;SFR PROLOGUE - SALLE 61;3461908;OR1;OR238;;CST;MCO;OK;25/09/2008;25/09/2008;;True;;;;;25/09/2008 00:00;;;;
3078428;3A01 (CHRISTOFLE);3A01 (CHRISTOFLE);3461908;OR1;OR238;;CST;MCO;OK;25/09/2009;25/09/2009;;True;;;;;25/09/2009 00:00;;;;
3078476;DURR/AIS;DURR/AIS;3461908;OR1;OR238;;CST;MCO;OK;11/07/2008;11/07/2008;;True;;;;;11/07/2008 00:00;;;;
3078490;0B08 (SCOR);0B08 (SCOR);3461908;OR1;OR238;;CST;MCO;OK;11/07/2008;11/07/2008;;True;;;;;11/07/2008 00:00;;;;
3078502;1A01 (MUTU + MMR1);1A01 (MUTU + MMR1);3461908;OR1;OR238;;CST;MCO;OK;11/07/2008;11/07/2008;;True;;;;;11/07/2008 00:00;;;;
3078468;2C01 (MMR3);2C01 (MMR3);3461908;OR1;OR238;;CST;MCO;OK;11/07/2008;11/07/2008;;True;;;;;11/07/2008 00:00;;;;
3078015;LEVEL 2 - SALLE INFORMATIQUE;LEVEL 2 - SALLE INFORMATIQUE;3462702;OR222;OR238;;CST;MCO;OK;15/09/2009;15/09/2009;;False;;;;;15/09/2009 00:00;;;;
3078024;SALLE A3 - LEVEL 1;SALLE A3 - LEVEL 2;3462702;OR222;OR238;;CST;MCO;OK;18/06/2008;18/06/2008;;False;;;;;18/06/2008 00:00;;;;
3078035;SALLE GLOBAL CROSSING;SALLE GLOBAL CROSSING;3462702;OR222;OR238;;CST;MCO;OK;21/03/2007;21/03/2007;;False;;;;;21/03/2007 00:00;;;;
3078020;SALLE MUT L1A2 - LEVEL 1 -  CAPGEMINI (ZA);SALLE MUT L1A2 - LEVEL 1 -  CAPGEMINI (ZA);3462702;OR222;OR238;;CST;MCO;OK;25/01/2008;25/01/2008;;False;;;;;25/01/2008 00:00;;;;
3078027;SALLE E2 - SPB;SALLE E2 - SPB;3462702;OR222;OR238;;CST;MCO;OK;04/06/2008;04/06/2008;;False;;;;;04/06/2008 00:00;;;;
3078010;SALLE OVH - LEVEL 5;SALLE OVH - LEVEL 6;3462702;OR222;OR238;;CST;MCO;OK;07/09/2011;07/09/2011;;False;;;;;07/09/2011 00:00;;;;
3078016;SALLE EMEA2 - LEVEL1;SALLE EMEA2 - LEVEL2;3462702;OR222;OR238;;CST;MCO;OK;04/04/2012;04/04/2012;;False;;;;;04/04/2012 00:00;;;;
3078021;SALLE MUT L1A2 - LEVEL 1 -  CAPGEMINI (ZB);SALLE MUT L1A2 - LEVEL 1 -  CAPGEMINI (ZB);3462702;OR222;OR238;;CST;MCO;OK;25/01/2008;25/01/2008;;False;;;;;25/01/2008 00:00;;;;
3078036;FIBERNET;FIBERNET;3462702;OR222;OR238;;CST;MCO;OK;21/03/2007;21/03/2007;;False;;;;;21/03/2007 00:00;;;;
3078033;SALLE B3 GH2 - LEVEL 2 - CAPGEMINI;SALLE B3 GH2 - LEVEL 2 - CAPGEMINI;3462702;OR222;OR238;;CST;MCO;OK;21/03/2007;21/03/2007;;False;;;;;21/03/2007 00:00;;;;
3078022;SALLE X BAIE VIRTELA;SALLE X BAIE VIRTELA;3462702;OR222;OR238;;CST;MCO;OK;18/06/2008;18/06/2008;;False;;;;;18/06/2008 00:00;;;;
3078026;LT MOBIL MEDIA COM;LT MOBIL MEDIA COM;3462702;OR222;OR238;;CST;MCO;OK;18/04/2008;18/04/2008;;False;;;;;18/04/2008 00:00;;;;
3078030;SALLE IBM;SALLE IBM;3462702;OR222;OR238;;CST;MCO;OK;25/06/2007;25/06/2007;;False;;;;;25/06/2007 00:00;;;;
3078012;CAGE PUMA2 - LEVEL ? - GENERALI;CAGE PUMA2 - LEVEL ? - GENERALI;3462702;OR222;OR238;;CST;MCO;OK;20/10/2009;20/10/2009;;False;;;;;20/10/2009 00:00;;;;
3078032;SALLE FLORA - CNAV;SALLE FLORA - CNAV;3462702;OR222;OR238;;CST;MCO;OK;21/03/2007;21/03/2007;;False;;;;;21/03/2007 00:00;;;;
3078023;CAGE PUMA1 - LEVEL 2 - GENERALI;CAGE PUMA1 - LEVEL 2 - GENERALI;3462702;OR222;OR238;;CST;MCO;OK;18/06/2008;18/06/2008;;False;;;;;18/06/2008 00:00;;;;
3078008;SALLE A2 - LEVEL 1;SALLE A2 - LEVEL 2;3462702;OR222;OR295;;CST;MCO;OK;09/10/2009;09/10/2009;;False;;;;;09/10/2009 00:00;;;;
3078037;PAR CHAMBRES EXTERNES - PAS DE ROCADE;PAR CHAMBRES EXTERNES - PAS DE ROCADE;3462702;OR222;OR295;;CST;MCO;OK;21/03/2007;21/03/2007;;False;;;;;21/03/2007 00:00;;;;
3078009;SALLE 619 - AESN;SALLE 619 - AESN;3462702;OR222;OR222;;CST;MCO;OK;13/01/2012;13/01/2012;;False;;;;;13/01/2012 00:00;;;;
3090188;SALLE 16A;SALLE 16A;3464157;OR222;OR238;;CST;MCO;OK;30/06/2009;30/06/2009;;True;;;;;30/06/2009 00:00;;;;
3090187;SALLE MMR;SALLE MMR;3464157;OR222;OR238;;CST;MCO;OK;10/07/2009;10/07/2009;;True;;;;;10/07/2009 00:00;;;;
3086760;TD_LOGNES ECURIES ARRCO;TD_LOGNES ECURIES ARRCO;3466471;OR222;OR300;;CST;MCO;OK;05/12/2007;05/12/2007;;False;;;;;05/12/2007 00:00;;;;
3086752;TD_LOGNES ECURIES IXEROP;TD_LOGNES ECURIES IXEROP;3466471;OR222;OR300;;CST;MCO;OK;05/12/2007;05/12/2007;;False;;;;;05/12/2007 00:00;;;;
3086757;TD_LOGNES ECURIES CAGRIC;TD_LOGNES ECURIES CAGRIC;3466471;OR222;OR299;;CST;MCO;OK;05/12/2007;05/12/2007;;False;;;;;05/12/2007 00:00;;;;
3086770;BATIMENT 3 - SALLE TELECOM 3;BATIMENT 3 - SALLE TELECOM 3;3466471;OR222;OR238;;CST;MCO;OK;19/06/2008;19/06/2008;;False;;;;;19/06/2008 00:00;;;;
6435705;BATIMENT 3 - SALLE TELECOM 1;BATIMENT 3 - SALLE TELECOM 1;3466471;OR222;OR238;;CST;MCO;OK;21/07/2015;21/07/2015;;False;;;;;21/07/2015 00:00;;;;
3086761;BATIMENT 1 - TD_LOGNES ECURIES ALSANT;BATIMENT 1 - TD_LOGNES ECURIES ALSANT;3466471;OR222;OR315;;CST;MCO;OK;05/12/2007;05/12/2007;;False;;;;;05/12/2007 00:00;;;;
3077711;UPC;UPC;3461466;OR1;OR2;;CST;MCO;OK;28/05/2003;28/05/2003;;False;;;;;28/05/2003 00:00;;;;
3077712;WORLDCOM;WORLDCOM;3461466;OR1;OR298;;CST;MCO;OK;28/05/2003;28/05/2003;;False;;;;;28/05/2003 00:00;;;;
3094339;LT [FTTS RUE DES BLANCHISSEURS];LT [FTTS RUE DES BLANCHISSEURS];3461344;OR1;OR1;;CST;MCO;OK;17/01/2012;17/01/2012;;False;;;;;17/01/2012 00:00;;;;
3092552;LT [ FTTS SUCY EN BRIE MORBRAS];LT [ FTTS SUCY EN BRIE MORBRAS];3464629;OR1;OR1;;CST;MCO;OK;20/02/2012;20/02/2012;;False;;;;;20/02/2012 00:00;;;;
3078453;SFR PROLOGUE - SALLE 49;SFR PROLOGUE - SALLE 50;3461908;OR1;OR1;;CST;MCO;OK;11/08/2010;11/08/2010;;True;;;;;11/08/2010 00:00;;;;
3078451;0C04 (CAGE SFR);0C04 (CAGE SFR);3461908;OR1;OR1;;CST;MCO;OK;25/11/2010;25/11/2010;;True;;;;;25/11/2010 00:00;;;;
3078125;2E01 (CAGE TELIA);2E01 (CAGE TELIA);3461908;OR1;OR296;;CST;MCO;OK;02/08/2010;02/08/2010;;True;;;;;02/08/2010 00:00;;;;
3093558;LT [FTTS VILLETANEUSE MOUCHERONS];LT [FTTS VILLETANEUSE MOUCHERONS];3463690;OR1;OR1;;CST;MCO;OK;17/02/2012;17/02/2012;;False;;;;;17/02/2012 00:00;;;;
3093307;LT [POP FTTS FRESNES (PEPINIERES)];LT [POP FTTS FRESNES (PEPINIERES)];3463128;OR1;OR1;;CST;MCO;OK;04/04/2012;04/04/2012;;False;;;;;04/04/2012 00:00;;;;
3094506;BAIE SFR TGBT NÂ°1;BAIE SFR TGBT NÂ°2;3461361;OR1;OR1;;CST;MCO;OK;15/12/2011;15/12/2011;;False;;;;;15/12/2011 00:00;;;;
3094342;LT [FTTS CHOISY LE ROI A86];LT [FTTS CHOISY LE ROI A86];3464190;OR1;OR1;;CST;MCO;OK;21/02/2012;21/02/2012;;False;;;;;21/02/2012 00:00;;;;
3093804;LT [POP FTTS ARCUEIL];LT [POP FTTS ARCUEIL];3463581;OR1;OR1;;CST;MCO;OK;23/01/2012;23/01/2012;;False;;;;;23/01/2012 00:00;;;;
3093061;LT [POP FTTS LE PERREUX (PISCINE)];LT [POP FTTS LE PERREUX (PISCINE)];3464600;OR1;OR1;;CST;MCO;OK;20/02/2012;20/02/2012;;False;;;;;20/02/2012 00:00;;;;
3094047;LT [FTTS FRESNES];LT [FTTS FRESNES];3463487;OR1;OR1;;CST;MCO;OK;13/03/2012;13/03/2012;;False;;;;;13/03/2012 00:00;;;;
3092778;LT [FTTS CHAMPIGNY LES BOULEREAUX];LT [FTTS CHAMPIGNY LES BOULEREAUX];3464623;OR1;OR1;;CST;MCO;OK;06/02/2012;06/02/2012;;False;;;;;06/02/2012 00:00;;;;
3094306;LT [GARCHES (STADE)];LT [GARCHES (STADE)];3461335;OR1;OR1;;CST;MCO;OK;12/03/2012;12/03/2012;;False;;;;;12/03/2012 00:00;;;;
3084593;TD_PORCHEFONTAINE 1.1 SB;TD_PORCHEFONTAINE 1.1 SB;3461263;OR1;OR302;;CST;MCO;OK;05/12/2007;05/12/2007;;False;;;;;05/12/2007 00:00;;;;
3079973;SALLE 2;SALLE 3;3464522;OR1;OR1;;CST;MCO;OK;08/07/2011;08/07/2011;;False;;;;;08/07/2011 00:00;;;;
3077611;SALLE 15R;SALLE 15R;3465334;OR225;OR295;;CST;MCO;OK;20/05/2008;20/05/2008;;True;;;;;20/05/2008 00:00;;;;
3077610;SALLE 12 RDC;SALLE 12 RDC;3465334;OR225;OR295;;CST;MCO;OK;28/03/2002;28/03/2002;;True;;;;;28/03/2002 00:00;;;;
3080834;SALLE A2;SALLE A3;3465180;OR225;OR295;;CST;MCO;OK;10/03/2008;10/03/2008;;False;;;;;10/03/2008 00:00;;;;
3077933;LT POP LIBERTY SURF BOULOGNE BILLANCOURT 7ET;LT POP LIBERTY SURF BOULOGNE BILLANCOURT 7ET;3461795;OR225;OR303;;CST;MCO;OK;20/03/2002;20/03/2002;;False;;;;;20/03/2002 00:00;;;;
3077932;LT POP LIBERTY SURF BOULOGNE BILLANCOURT S-1;LT POP LIBERTY SURF BOULOGNE BILLANCOURT S-2;3461795;OR225;OR303;;CST;MCO;OK;26/02/2002;26/02/2002;;False;;;;;26/02/2002 00:00;;;;
3090010;LT THD CRETEIL;LT THD CRETEIL;3464421;OR225;OR295;;CST;MCO;OK;01/03/2010;01/03/2010;;False;;;;;01/03/2010 00:00;;;;
3079572;LT POLE GALILEE 2;LT POLE GALILEE 3;3462448;OR21;OR1;;CST;MCO;OK;03/05/2012;03/05/2012;;True;;;;;03/05/2012 00:00;;;;
3078283;LT POP NUMERICABLE SURESNES;LT POP NUMERICABLE SURESNES;3461580;OR13;OR13;;CST;MCO;OK;08/04/2002;08/04/2002;;False;;;;;08/04/2002 00:00;;;;
3077734;LT POP NUMERICABLE ISSY LES MOULINAUX;LT POP NUMERICABLE ISSY LES MOULINAUX;3462017;OR13;OR13;;CST;MCO;OK;10/04/2002;10/04/2002;;False;;;;;10/04/2002 00:00;;;;
3078583;LT POP NUM L'HAY-LES-ROSES;LT POP NUM L'HAY-LES-ROSES;3464941;OR13;OR13;;CST;MCO;OK;10/09/2002;10/09/2002;;False;;;;;10/09/2002 00:00;;;;
3077714;CEGETEL - RDC BAS LT6;CEGETEL - RDC BAS LT7;3461466;OR1;OR295;;CST;MCO;OK;22/03/2007;22/03/2007;;False;;;;;22/03/2007 00:00;;;;
3077706;SALLE LEVEL3;SALLE LEVEL4;3461466;OR1;OR15;;CST;MCO;OK;07/03/2002;07/03/2002;;False;;;;;07/03/2002 00:00;;;;
3078443;NC COB (LDOS) 1 ET COB I;NC COB (LDOS) 1 ET COB I;3461908;OR1;OR295;;CST;MCO;OK;19/12/2001;19/12/2001;;True;;;;;19/12/2001 00:00;;;;
3078430;0E00 (FREE);0E00 (FREE);3461908;OR1;OR295;;CST;MCO;OK;05/08/2011;05/08/2011;;True;;;;;05/08/2011 00:00;;;;
3078452;BUREAU 16;BUREAU 17;3461908;OR1;OR295;;CST;MCO;OK;01/12/2010;01/12/2010;;True;;;;;01/12/2010 00:00;;;;
3078520;1A06 (MUTUALISEE);1A06 (MUTUALISEE);3461908;OR1;OR295;;CST;MCO;OK;17/10/2005;17/10/2005;;True;;;;;17/10/2005 00:00;;;;
3078517;2E01 (JET MULTIMEDIA);2E01 (JET MULTIMEDIA);3461908;OR1;OR295;;CST;MCO;OK;08/03/2010;08/03/2010;;True;;;;;08/03/2010 00:00;;;;
3078433;NC COB (GLC) 1 ET COB I;NC COB (GLC) 1 ET COB I;3461908;OR1;OR295;;CST;MCO;OK;24/09/2001;24/09/2001;;True;;;;;24/09/2001 00:00;;;;
3078118;SFR PROLOGUE - SALLE 52;SFR PROLOGUE - SALLE 53;3461908;OR1;OR295;;CST;MCO;OK;21/10/2011;21/10/2011;;True;;;;;21/10/2011 00:00;;;;
3078450;NC COB  - ARRIVEE DU T01 96/288 - BC/AC;NC COB  - ARRIVEE DU T01 96/288 - BC/AC;3461908;OR1;OR295;;CST;MCO;OK;19/07/2002;19/07/2002;;True;;;;;19/07/2002 00:00;;;;
3078124;2E01 (ALTITUDE TELECOM);2E01 (ALTITUDE TELECOM);3461908;OR1;OR295;;CST;MCO;OK;02/08/2010;02/08/2010;;True;;;;;02/08/2010 00:00;;;;
3078437;NC COB CH 0A;NC COB CH 0A;3461908;OR1;OR295;;CST;MCO;OK;17/10/2001;17/10/2001;;True;;;;;17/10/2001 00:00;;;;
3093196;LT [FTTS BOBIGNY (PREFECTURE)];LT [FTTS BOBIGNY (PREFECTURE)];3464358;OR1;OR1;;CST;MCO;OK;27/02/2012;27/02/2012;;False;;;;;27/02/2012 00:00;;;;
3082270;SALLE 1A01;SALLE 1A02;3461806;OR1;OR295;;CST;MCO;OK;18/12/2007;18/12/2007;;False;;;;;18/12/2007 00:00;;;;
3077557;PONT DE NEUILLY LT;PONT DE NEUILLY LT;3461860;OR1;OR295;;CST;MCO;OK;16/03/2001;16/03/2001;;False;;;;;16/03/2001 00:00;;;;
3077559;PONT DE SEVRES RD;PONT DE SEVRES RD;3461583;OR1;OR295;;CST;MCO;OK;19/03/2001;19/03/2001;;False;;;;;19/03/2001 00:00;;;;
3091792;LOCAL TECHNIQUE;LOCAL TECHNIQUE;3470920;OR1;OR1;;CST;MCO;OK;27/01/2011;27/01/2011;;False;;;;;27/01/2011 00:00;;;;
3093484;LT [FTTS ROMAINVILLE (COLLEGE)];LT [FTTS ROMAINVILLE (COLLEGE)];3464284;OR1;OR1;;CST;MCO;OK;20/01/2012;20/01/2012;;False;;;;;20/01/2012 00:00;;;;
3078013;SALLE VENISE 3 - CASA;SALLE VENISE 3 - CASA;3462702;OR222;OR295;;CST;MCO;OK;13/11/2009;13/11/2009;;False;;;;;13/11/2009 00:00;;;;
3086767;BATIMENT 3 - SALLE TELECOM 21;BATIMENT 3 - SALLE TELECOM 22;3466471;OR222;OR238;;CST;MCO;OK;04/06/2008;04/06/2008;;False;;;;;04/06/2008 00:00;;;;
3086766;BATIMENT 2 - SALLE TELECOM 1;BATIMENT 2 - SALLE TELECOM 2;3466471;OR222;OR238;;CST;MCO;OK;04/06/2008;04/06/2008;;False;;;;;04/06/2008 00:00;;;;
3086759;TD_LOGNES ECURIES DALKIA;TD_LOGNES ECURIES DALKIA;3466471;OR222;OR297;;CST;MCO;OK;05/12/2007;05/12/2007;;False;;;;;05/12/2007 00:00;;;;
3086764;BATIMENT 1 - SALLE TELECOM 2;BATIMENT 1 - SALLE TELECOM 3;3466471;OR222;OR238;;CST;MCO;OK;04/06/2008;04/06/2008;;False;;;;;04/06/2008 00:00;;;;
3086751;BATIMENT 3 - SALLE HELIOS - BK 506;BATIMENT 3 - SALLE HELIOS - BK 507;3466471;OR222;OR238;;CST;MCO;OK;28/04/2011;28/04/2011;;False;;;;;28/04/2011 00:00;;;;
3086765;BATIMENT 1 - SALLE AVIVA - 1ER ETAGE;BATIMENT 1 - SALLE AVIVA - 1ER ETAGE;3466471;OR222;OR238;;CST;MCO;OK;04/06/2008;04/06/2008;;False;;;;;04/06/2008 00:00;;;;
3086768;BATIMENT 3 - SALLE TELECOM 2;BATIMENT 3 - SALLE TELECOM 3;3466471;OR222;OR238;;CST;MCO;OK;29/09/2008;29/09/2008;;False;;;;;29/09/2008 00:00;;;;
3086756;TD_LOGNES ECURIES CHSYBQ;TD_LOGNES ECURIES CHSYBQ;3466471;OR222;OR305;;CST;MCO;OK;05/12/2007;05/12/2007;;False;;;;;05/12/2007 00:00;;;;
3077609;MMR - PARIS1 CPR;MMR - PARIS1 CPR;3465334;OR225;OR238;;CST;MCO;OK;24/01/2002;24/01/2002;;True;;;;;24/01/2002 00:00;;;;
3077607;SALLE 1 - ODF;SALLE 1 - ODF;3465334;OR225;OR238;;CST;MCO;OK;17/12/2001;17/12/2001;;True;;;;;17/12/2001 00:00;;;;
3077613;SALLE 15F - MEDITEL;SALLE 15F - MEDITEL;3465334;OR225;OR238;;CST;MCO;OK;05/02/2010;05/02/2010;;True;;;;;05/02/2010 00:00;;;;
3087092;LT POP - MGP INTERXION 4;LT POP - MGP INTERXION 5;3461302;OR225;OR238;;CST;MCO;OK;30/08/2007;30/08/2007;;False;;;;;30/08/2007 00:00;;;;
3079579;POP TISCALI FRUCTIDOR ST OUEN (XXXX);POP TISCALI FRUCTIDOR ST OUEN (XXXX);3463294;OR225;OR238;;CST;MCO;OK;21/09/2004;21/09/2004;;False;;;;;21/09/2004 00:00;;;;
3079573;LT POP - AMEC SPIE;LT POP - AMEC SPIE;3462448;OR21;OR238;;CST;MCO;OK;26/11/2007;26/11/2007;;True;;;;;26/11/2007 00:00;;;;
3078486;0B04 (MUTUALISEE);0B04 (MUTUALISEE);3461908;OR1;OR238;;CST;MCO;OK;11/07/2008;11/07/2008;;True;;;;;11/07/2008 00:00;;;;
3078513;Salle 2A01 (TELIA) Baie 19.1;Salle 2A01 (TELIA) Baie 19.2;3461908;OR1;OR238;;CST;MCO;OK;11/07/2008;11/07/2008;;True;;;;;11/07/2008 00:00;;;;
3078484;0B03 (SFR);0B03 (SFR);3461908;OR1;OR238;;CST;MCO;OK;11/07/2008;11/07/2008;;True;;;;;11/07/2008 00:00;;;;
3078456;2C06 (VIVO);2C06 (VIVO);3461908;OR1;OR238;;CST;MCO;OK;10/09/2008;10/09/2008;;True;;;;;10/09/2008 00:00;;;;
3078506;1A03 (GLOBAL CROSSING);1A03 (GLOBAL CROSSING);3461908;OR1;OR238;;CST;MCO;OK;11/07/2008;11/07/2008;;True;;;;;11/07/2008 00:00;;;;
3078458;3A01 (NUMERICABLE);3A01 (NUMERICABLE);3461908;OR1;OR238;;CST;MCO;OK;10/09/2008;10/09/2008;;True;;;;;10/09/2008 00:00;;;;
3078485;0B04 - France TELECOM;0B04 - France TELECOM;3461908;OR1;OR238;;CST;MCO;OK;11/07/2008;11/07/2008;;True;;;;;11/07/2008 00:00;;;;
3078497;0B15 - T-SYSTEM;0B15 - T-SYSTEM;3461908;OR1;OR238;;CST;MCO;OK;11/07/2008;11/07/2008;;True;;;;;11/07/2008 00:00;;;;
3078495;0B13 (GEFCO);0B13 (GEFCO);3461908;OR1;OR238;;CST;MCO;OK;11/07/2008;11/07/2008;;True;;;;;11/07/2008 00:00;;;;
3078459;POP CEGETEL HORS LDNC;POP CEGETEL HORS LDNC;3461908;OR1;OR238;;CST;MCO;OK;10/09/2008;10/09/2008;;True;;;;;10/09/2008 00:00;;;;
3078492;0B10 (CEGETEL / ROBOT GEFCO);0B10 (CEGETEL / ROBOT GEFCO);3461908;OR1;OR238;;CST;MCO;OK;11/07/2008;11/07/2008;;True;;;;;11/07/2008 00:00;;;;
3078504;1A02 (NC);1A02 (NC);3461908;OR1;OR238;;CST;MCO;OK;11/07/2008;11/07/2008;;True;;;;;11/07/2008 00:00;;;;
3078461;0C05 (JET MULTIMEDIA);0C05 (JET MULTIMEDIA);3461908;OR1;OR238;;CST;MCO;OK;10/06/2008;10/06/2008;;True;;;;;10/06/2008 00:00;;;;
3078466;2A05 (UNILEVER);2A05 (UNILEVER);3461908;OR1;OR238;;CST;MCO;OK;11/07/2008;11/07/2008;;True;;;;;11/07/2008 00:00;;;;
3078511;1C01 (DSI);1C01 (DSI);3461908;OR1;OR238;;CST;MCO;OK;11/07/2008;11/07/2008;;True;;;;;11/07/2008 00:00;;;;
3078473;2C06 (TNSI);2C06 (TNSI);3461908;OR1;OR238;;CST;MCO;OK;11/07/2008;11/07/2008;;True;;;;;11/07/2008 00:00;;;;
3078494;0B12 (BARCLAYS);0B12 (BARCLAYS);3461908;OR1;OR238;;CST;MCO;OK;11/07/2008;11/07/2008;;True;;;;;11/07/2008 00:00;;;;
3086473;SHELTER SFR;SHELTER SFR;3462587;OR1;OR238;;CST;MCO;OK;10/01/2008;10/01/2008;;False;;;;;10/01/2008 00:00;;;;
3082150;POP TELCITE TORCY LA V1 ?? (XXXX);POP TELCITE TORCY LA V1 ?? (XXXX);3466517;OR4;OR238;;CST;MCO;OK;21/12/2004;21/12/2004;;False;;;;;21/12/2004 00:00;;;;
9258947;CPTL_IDF_NC_SUNGARD;CPTL_IDF_NC_SUNGARD;3466471;OR222;OR238;;CST;MCO;OK;23/09/2017;23/09/2017;;False;;;;;23/09/2017 00:00;;;;
3086762;BATIMENT 3 - SALLE MS02;BATIMENT 3 - SALLE MS03;3466471;OR222;OR238;;CST;MCO;OK;01/04/2010;01/04/2010;;False;;;;;01/04/2010 00:00;;;;
28099584;LTE000000051;LTE000000052;3466471;OR222;OR238;;CST;MCO;OK;21/10/2022;21/10/2022;;False;;;;;21/10/2022 00:00;;;;
3086769;BATIMENT 1 - SALLE IONIS BK017;BATIMENT 1 - SALLE IONIS BK018;3466471;OR222;OR238;;CST;MCO;OK;24/06/2008;24/06/2008;;False;;;;;24/06/2008 00:00;;;;
3086773;BATIMENT 2 - SALLE N1;BATIMENT 2 - SALLE N2;3466471;OR222;OR238;;CST;MCO;OK;01/09/2008;01/09/2008;;False;;;;;01/09/2008 00:00;;;;
3086774;AVIVA - BAT1 1ER ETAGE SALLE AVIVA;AVIVA - BAT1 1ER ETAGE SALLE AVIVA;3466471;OR222;OR295;;CST;MCO;OK;27/06/2005;27/06/2005;;False;;;;;27/06/2005 00:00;;;;
3086777;CAGE AXA SALLE IBM;CAGE AXA SALLE IBM;3466471;OR222;OR295;;CST;MCO;OK;28/06/2007;28/06/2007;;False;;;;;28/06/2007 00:00;;;;
3086772;BATIMENT 3 - SALLE MS01;BATIMENT 3 - SALLE MS02;3466471;OR222;OR295;;CST;MCO;OK;09/12/2009;09/12/2009;;False;;;;;09/12/2009 00:00;;;;
3086776;BATIMENT 1  RDC LOGNES ECURIES CLI;BATIMENT 1  RDC LOGNES ECURIES CLI;3466471;OR222;OR295;;CST;MCO;OK;28/06/2007;28/06/2007;;False;;;;;28/06/2007 00:00;;;;
3086771;CGTEL_SALLE ST_GOBAIN;CGTEL_SALLE ST_GOBAIN;3466471;OR222;OR1;;CST;MCO;OK;20/01/2003;20/01/2003;;False;;;;;20/01/2003 00:00;;;;
3086754;TD_LOGNES ECURIES 1.1 OSESER;TD_LOGNES ECURIES 1.1 OSESER;3466471;OR222;OR304;;CST;MCO;OK;05/12/2007;05/12/2007;;False;;;;;05/12/2007 00:00;;;;
3086758;TD_LOGNES ECURIES 1.2 OSESER;TD_LOGNES ECURIES 1.2 OSESER;3466471;OR222;OR304;;CST;MCO;OK;05/12/2007;05/12/2007;;False;;;;;05/12/2007 00:00;;;;
3086755;TD_LOGNES ECURIES UGAMON;TD_LOGNES ECURIES UGAMON;3466471;OR222;OR316;;CST;MCO;OK;05/12/2007;05/12/2007;;False;;;;;05/12/2007 00:00;;;;
3086775;BATIMENT 2 - RDC LOGNES ECURIES CLI;BATIMENT 2 - RDC LOGNES ECURIES CLI;3466471;OR222;OR295;;CST;MCO;OK;28/06/2007;28/06/2007;;False;;;;;28/06/2007 00:00;;;;
3086753;TD_LOGNES ECURIES NORAUT;TD_LOGNES ECURIES NORAUT;3466471;OR222;OR294;;CST;MCO;OK;05/12/2007;05/12/2007;;False;;;;;05/12/2007 00:00;;;;
3086763;BATIMENT 3 - SALLE AVIVA - GEO-BK45;BATIMENT 3 - SALLE AVIVA - GEO-BK46;3466471;OR222;OR238;;CST;MCO;OK;26/03/2009;26/03/2009;;False;;;;;26/03/2009 00:00;;;;
5107593;LOCAL;LOCAL;5589505;OR222;OR238;;CST;MCO;OK;29/01/2014;29/01/2014;;False;;;;;29/01/2014 00:00;;;;
5107592;LOCAL INFORMATIQUE;LOCAL INFORMATIQUE;5589505;OR222;OR238;;CST;MCO;OK;29/01/2014;29/01/2014;;False;;;;;29/01/2014 00:00;;;;
3078150;LT NOISY SANEF;LT NOISY SANEF;3464724;OR222;OR238;;CST;MCO;OK;22/08/2002;22/08/2002;;False;;;;;22/08/2002 00:00;;;;
