or_code;or_nom;or_siren;or_type;or_activ;or_l331;or_siret;or_nometab;or_ad_code;or_nomvoie;or_numero;or_rep;or_local;or_postal;or_commune;or_telfixe;or_mail;or_comment;or_creadat;or_majdate;or_majsrc;or_abddate;or_abdsrc
OR1;SFR;;;;;;;;;;;;;;;;;;;;;
OR2;UPC;;;;;;;;;;;;;;;;;;;;;
OR3;TELIASONERA;;;;;;;;;;;;;;;;;;;;;
OR4;TELCITE;;;;;;;;;;;;;;;;;;;;;
OR5;SITER;;;;;;;;;;;;;;;;;;;;;
OR6;SILIC;;;;;;;;;;;;;;;;;;;;;
OR7;BELGACOM;;;;;;;;;;;;;;;;;;;;;
OR8;SEMACH;;;;;;;;;;;;;;;;;;;;;
OR9;SANEF;;;;;;;;;;;;;;;;;;;;;
OR10;RFF;;;;;;;;;;;;;;;;;;;;;
OR11;RESEAU VILLE;;;;;;;;;;;;;;;;;;;;;
OR12;PRIVE;;;;;;;;;;;;;;;;;;;;;
OR13;NUMERICABLE;;;;;;;;;;;;;;;;;;;;;
OR14;NTL;;;;;;;;;;;;;;;;;;;;;
OR15;LEVEL 3;;;;;;;;;;;;;;;;;;;;;
OR16;INDETERMINE;;;;;;;;;;;;;;;;;;;;;
OR17;L21-INTEROUTE;;;;;;;;;;;;;;;;;;;;;
OR18;GLOBAL CROSSING;;;;;;;;;;;;;;;;;;;;;
OR19;FRANCE TELECOM;;;;;;;;;;;;;;;;;;;;;
OR20;DSP MAJ - OPALYS;;;;;;;;;;;;;;;;;;;;;
OR21;DSP MAJ - IRISE;;;;;;;;;;;;;;;;;;;;;
OR22;DDE;;;;;;;;;;;;;;;;;;;;;
OR23;COMPLETEL;;;;;;;;;;;;;;;;;;;;;
OR24;COLT;;;;;;;;;;;;;;;;;;;;;
OR25;COFIROUTE;;;;;;;;;;;;;;;;;;;;;
OR26;CHU;;;;;;;;;;;;;;;;;;;;;
OR27;BOUYGUES TELECOM;;;;;;;;;;;;;;;;;;;;;
OR28;METROPOLE DU GRAND PARIS;;;;;;;;;;;;;;;;;;;;;
OR29;VILLE DE ALFORTVILLE;;;;;;;;;;;;;;;;;;;;;
OR30;VILLE DE ANTONY;;;;;;;;;;;;;;;;;;;;;
OR31;VILLE DE ARCUEIL;;;;;;;;;;;;;;;;;;;;;
OR32;VILLE DE ASNIERES-SUR-SEINE;;;;;;;;;;;;;;;;;;;;;
OR33;VILLE DE AUBERVILLIERS;;;;;;;;;;;;;;;;;;;;;
OR34;VILLE DE BAGNEUX;;;;;;;;;;;;;;;;;;;;;
OR35;VILLE DE BAGNOLET;;;;;;;;;;;;;;;;;;;;;
OR36;VILLE DE BEZONS;;;;;;;;;;;;;;;;;;;;;
OR37;VILLE DE BOBIGNY;;;;;;;;;;;;;;;;;;;;;
OR38;VILLE DE BOIS-COLOMBES;;;;;;;;;;;;;;;;;;;;;
OR39;VILLE DE BONDY;;;;;;;;;;;;;;;;;;;;;
OR40;VILLE DE BONNEUIL-SUR-MARNE;;;;;;;;;;;;;;;;;;;;;
OR41;VILLE DE BOULOGNE-BILLANCOURT;;;;;;;;;;;;;;;;;;;;;
OR42;VILLE DE BOURG-LA-REINE;;;;;;;;;;;;;;;;;;;;;
OR43;VILLE DE BRY-SUR-MARNE;;;;;;;;;;;;;;;;;;;;;
OR44;VILLE DE CACHAN;;;;;;;;;;;;;;;;;;;;;
OR45;VILLE DE CHAMPIGNY-SUR-MARNE;;;;;;;;;;;;;;;;;;;;;
OR46;VILLE DE CHARENTON-LE-PONT;;;;;;;;;;;;;;;;;;;;;
OR47;VILLE DE CHATENAY-MALABRY;;;;;;;;;;;;;;;;;;;;;
OR48;VILLE DE CHATILLON;;;;;;;;;;;;;;;;;;;;;
OR49;VILLE DE CHAVILLE;;;;;;;;;;;;;;;;;;;;;
OR50;VILLE DE CHEVILLY-LARUE;;;;;;;;;;;;;;;;;;;;;
OR51;VILLE DE CHOISY-LE-ROI;;;;;;;;;;;;;;;;;;;;;
OR52;VILLE DE CLAMART;;;;;;;;;;;;;;;;;;;;;
OR53;VILLE DE CLICHY-LA-GARENNE;;;;;;;;;;;;;;;;;;;;;
OR54;VILLE DE COLOMBES;;;;;;;;;;;;;;;;;;;;;
OR55;VILLE DE COURBEVOIE;;;;;;;;;;;;;;;;;;;;;
OR56;VILLE DE CRETEIL;;;;;;;;;;;;;;;;;;;;;
OR57;VILLE DE DRANCY;;;;;;;;;;;;;;;;;;;;;
OR58;VILLE DE DUGNY;;;;;;;;;;;;;;;;;;;;;
OR59;VILLE DE EPINAY-SUR-SEINE;;;;;;;;;;;;;;;;;;;;;
OR60;VILLE DE FONTENAY-AUX-ROSES;;;;;;;;;;;;;;;;;;;;;
OR61;VILLE DE FONTENAY-SOUS-BOIS;;;;;;;;;;;;;;;;;;;;;
OR62;VILLE DE FRESNES;;;;;;;;;;;;;;;;;;;;;
OR63;VILLE DE GENNEVILLIERS;;;;;;;;;;;;;;;;;;;;;
OR64;VILLE DE GENTILLY;;;;;;;;;;;;;;;;;;;;;
OR65;VILLE DE ISSY-LES-MOULINEAUX;;;;;;;;;;;;;;;;;;;;;
OR66;VILLE DE IVRY-SUR-SEINE;;;;;;;;;;;;;;;;;;;;;
OR67;VILLE DE JOINVILLE-LE-PONT;;;;;;;;;;;;;;;;;;;;;
OR68;VILLE DE LA COURNEUVE;;;;;;;;;;;;;;;;;;;;;
OR69;VILLE DE LA GARENNE-COLOMBES;;;;;;;;;;;;;;;;;;;;;
OR70;VILLE DE LE BLANC-MESNIL;;;;;;;;;;;;;;;;;;;;;
OR71;VILLE DE LE BOURGET;;;;;;;;;;;;;;;;;;;;;
OR72;VILLE DE LE KREMLIN-BICETRE;;;;;;;;;;;;;;;;;;;;;
OR73;VILLE DE LE PERREUX-SUR-MARNE;;;;;;;;;;;;;;;;;;;;;
OR74;VILLE DE LE PLESSIS-ROBINSON;;;;;;;;;;;;;;;;;;;;;
OR75;VILLE DE LE PRE-SAINT-GERVAIS;;;;;;;;;;;;;;;;;;;;;
OR76;VILLE DE LES LILAS;;;;;;;;;;;;;;;;;;;;;
OR77;VILLE DE LES PAVILLONS-SOUS-BOIS;;;;;;;;;;;;;;;;;;;;;
OR78;VILLE DE LEVALLOIS-PERRET;;;;;;;;;;;;;;;;;;;;;
OR79;VILLE DE L HAY-LES-ROSES;;;;;;;;;;;;;;;;;;;;;
OR80;VILLE DE L ILE-SAINT-DENIS;;;;;;;;;;;;;;;;;;;;;
OR81;VILLE DE LIVRY-GARGAN;;;;;;;;;;;;;;;;;;;;;
OR82;VILLE DE MAISONS-ALFORT;;;;;;;;;;;;;;;;;;;;;
OR83;VILLE DE MALAKOFF;;;;;;;;;;;;;;;;;;;;;
OR84;VILLE DE MONTREUIL;;;;;;;;;;;;;;;;;;;;;
OR85;VILLE DE MONTROUGE;;;;;;;;;;;;;;;;;;;;;
OR86;VILLE DE NANTERRE;;;;;;;;;;;;;;;;;;;;;
OR87;VILLE DE NEUILLY-SUR-SEINE;;;;;;;;;;;;;;;;;;;;;
OR88;VILLE DE NOGENT-SUR-MARNE;;;;;;;;;;;;;;;;;;;;;
OR89;VILLE DE NOISY-LE-SEC;;;;;;;;;;;;;;;;;;;;;
OR90;VILLE DE ORLY;;;;;;;;;;;;;;;;;;;;;
OR91;VILLE DE PANTIN;;;;;;;;;;;;;;;;;;;;;
OR92;VILLE DE PIERREFITTE-SUR-SEINE;;;;;;;;;;;;;;;;;;;;;
OR93;VILLE DE PUTEAUX;;;;;;;;;;;;;;;;;;;;;
OR94;VILLE DE ROMAINVILLE;;;;;;;;;;;;;;;;;;;;;
OR95;VILLE DE ROSNY-SOUS-BOIS;;;;;;;;;;;;;;;;;;;;;
OR96;VILLE DE RUNGIS;;;;;;;;;;;;;;;;;;;;;
OR97;VILLE DE SAINT-DENIS;;;;;;;;;;;;;;;;;;;;;
OR98;VILLE DE SAINT-MANDE;;;;;;;;;;;;;;;;;;;;;
OR99;VILLE DE SAINT-MAUR-DES-FOSSES;;;;;;;;;;;;;;;;;;;;;
OR100;VILLE DE SAINT-MAURICE;;;;;;;;;;;;;;;;;;;;;
OR101;VILLE DE SAINT-OUEN;;;;;;;;;;;;;;;;;;;;;
OR102;VILLE DE SCEAUX;;;;;;;;;;;;;;;;;;;;;
OR103;VILLE DE STAINS;;;;;;;;;;;;;;;;;;;;;
OR104;VILLE DE SURESNES;;;;;;;;;;;;;;;;;;;;;
OR105;VILLE DE THIAIS;;;;;;;;;;;;;;;;;;;;;
OR106;VILLE DE VANVES;;;;;;;;;;;;;;;;;;;;;
OR107;VILLE DE VERSAILLES;;;;;;;;;;;;;;;;;;;;;
OR108;VILLE DE VILLEJUIF;;;;;;;;;;;;;;;;;;;;;
OR109;VILLE DE VILLEMOMBLE;;;;;;;;;;;;;;;;;;;;;
OR110;VILLE DE VILLENEUVE-LA-GARENNE;;;;;;;;;;;;;;;;;;;;;
OR111;VILLE DE VILLENEUVE-LE-ROI;;;;;;;;;;;;;;;;;;;;;
OR112;VILLE DE VILLETANEUSE;;;;;;;;;;;;;;;;;;;;;
OR113;VILLE DE VINCENNES;;;;;;;;;;;;;;;;;;;;;
OR114;VILLE DE VITRY-SUR-SEINE;;;;;;;;;;;;;;;;;;;;;
OR115;VILLE DE ARGENTEUIL;;;;;;;;;;;;;;;;;;;;;
OR116;VILLE DE AULNAY-SOUS-BOIS;;;;;;;;;;;;;;;;;;;;;
OR117;VILLE DE BALLAINVILLIERS;;;;;;;;;;;;;;;;;;;;;
OR118;VILLE DE BOISSY-L AILLERIE;;;;;;;;;;;;;;;;;;;;;
OR119;VILLE DE BOISSY-SAINT-LEGER;;;;;;;;;;;;;;;;;;;;;
OR120;VILLE DE BONNEUIL-EN-FRANCE;;;;;;;;;;;;;;;;;;;;;
OR121;VILLE DE CARRIERES-SUR-SEINE;;;;;;;;;;;;;;;;;;;;;
OR122;VILLE DE CERGY;;;;;;;;;;;;;;;;;;;;;
OR123;VILLE DE CHAMPLAN;;;;;;;;;;;;;;;;;;;;;
OR124;VILLE DE CHAMPS-SUR-MARNE;;;;;;;;;;;;;;;;;;;;;
OR125;VILLE DE CHENNEVIERES-SUR-MARNE;;;;;;;;;;;;;;;;;;;;;
OR126;VILLE DE CHILLY-MAZARIN;;;;;;;;;;;;;;;;;;;;;
OR127;VILLE DE CLICHY-SOUS-BOIS;;;;;;;;;;;;;;;;;;;;;
OR128;VILLE DE COLLEGIEN;;;;;;;;;;;;;;;;;;;;;
OR129;VILLE DE CORMEILLES-EN-PARISIS;;;;;;;;;;;;;;;;;;;;;
OR130;VILLE DE CROISSY-BEAUBOURG;;;;;;;;;;;;;;;;;;;;;
OR131;VILLE DE EMERAINVILLE;;;;;;;;;;;;;;;;;;;;;
OR132;VILLE DE EPINAY-SUR-ORGE;;;;;;;;;;;;;;;;;;;;;
OR133;VILLE DE ERAGNY;;;;;;;;;;;;;;;;;;;;;
OR134;VILLE DE GARCHES;;;;;;;;;;;;;;;;;;;;;
OR135;VILLE DE GARGES-LES-GONESSE;;;;;;;;;;;;;;;;;;;;;
OR136;VILLE DE GONESSE;;;;;;;;;;;;;;;;;;;;;
OR137;VILLE DE GROSLAY;;;;;;;;;;;;;;;;;;;;;
OR138;VILLE DE HERBLAY;;;;;;;;;;;;;;;;;;;;;
OR139;VILLE DE HOUILLES;;;;;;;;;;;;;;;;;;;;;
OR140;VILLE DE LA FRETTE-SUR-SEINE;;;;;;;;;;;;;;;;;;;;;
OR141;VILLE DE LA VILLE-DU-BOIS;;;;;;;;;;;;;;;;;;;;;
OR142;VILLE DE LE THILLAY;;;;;;;;;;;;;;;;;;;;;
OR143;VILLE DE LIMEIL-BREVANNES;;;;;;;;;;;;;;;;;;;;;
OR144;VILLE DE LOGNES;;;;;;;;;;;;;;;;;;;;;
OR145;VILLE DE LONGJUMEAU;;;;;;;;;;;;;;;;;;;;;
OR146;VILLE DE MANDRES-LES-ROSES;;;;;;;;;;;;;;;;;;;;;
OR147;VILLE DE MARNES-LA-COQUETTE;;;;;;;;;;;;;;;;;;;;;
OR148;VILLE DE MAROLLES-EN-BRIE;;;;;;;;;;;;;;;;;;;;;
OR149;VILLE DE MASSY;;;;;;;;;;;;;;;;;;;;;
OR150;VILLE DE MEUDON;;;;;;;;;;;;;;;;;;;;;
OR151;VILLE DE MITRY-MORY;;;;;;;;;;;;;;;;;;;;;
OR152;VILLE DE MONTFERMEIL;;;;;;;;;;;;;;;;;;;;;
OR153;VILLE DE MONTIGNY-LES-CORMEILLES;;;;;;;;;;;;;;;;;;;;;
OR154;VILLE DE MONTMAGNY;;;;;;;;;;;;;;;;;;;;;
OR155;VILLE DE MORANGIS;;;;;;;;;;;;;;;;;;;;;
OR156;VILLE DE NOISIEL;;;;;;;;;;;;;;;;;;;;;
OR157;VILLE DE NOISY-LE-GRAND;;;;;;;;;;;;;;;;;;;;;
OR158;VILLE DE OSNY;;;;;;;;;;;;;;;;;;;;;
OR159;VILLE DE PARAY-VIEILLE-POSTE;;;;;;;;;;;;;;;;;;;;;
OR160;VILLE DE PERIGNY-SUR-YERRES;;;;;;;;;;;;;;;;;;;;;
OR161;VILLE DE PIERRELAYE;;;;;;;;;;;;;;;;;;;;;
OR162;VILLE DE PONTAULT-COMBAULT;;;;;;;;;;;;;;;;;;;;;
OR163;VILLE DE PONTOISE;;;;;;;;;;;;;;;;;;;;;
OR164;VILLE DE ROISSY-EN-FRANCE;;;;;;;;;;;;;;;;;;;;;
OR165;VILLE DE RUEIL-MALMAISON;;;;;;;;;;;;;;;;;;;;;
OR166;VILLE DE SAINT-BRICE-SOUS-FORET;;;;;;;;;;;;;;;;;;;;;
OR167;VILLE DE SAINT-CLOUD;;;;;;;;;;;;;;;;;;;;;
OR168;VILLE DE SANTENY;;;;;;;;;;;;;;;;;;;;;
OR169;VILLE DE SARCELLES;;;;;;;;;;;;;;;;;;;;;
OR170;VILLE DE SARTROUVILLE;;;;;;;;;;;;;;;;;;;;;
OR171;VILLE DE SAULX-LES-CHARTREUX;;;;;;;;;;;;;;;;;;;;;
OR172;VILLE DE SAVIGNY-SUR-ORGE;;;;;;;;;;;;;;;;;;;;;
OR173;VILLE DE SEVRAN;;;;;;;;;;;;;;;;;;;;;
OR174;VILLE DE SEVRES;;;;;;;;;;;;;;;;;;;;;
OR175;VILLE DE SUCY-EN-BRIE;;;;;;;;;;;;;;;;;;;;;
OR176;VILLE DE TORCY;;;;;;;;;;;;;;;;;;;;;
OR177;VILLE DE TREMBLAY-EN-FRANCE;;;;;;;;;;;;;;;;;;;;;
OR178;VILLE DE VALENTON;;;;;;;;;;;;;;;;;;;;;
OR179;VILLE DE VARENNES-JARCY;;;;;;;;;;;;;;;;;;;;;
OR180;VILLE DE VAUCRESSON;;;;;;;;;;;;;;;;;;;;;
OR181;VILLE DE VERRIERES-LE-BUISSON;;;;;;;;;;;;;;;;;;;;;
OR182;VILLE DE VILLEBON-SUR-YVETTE;;;;;;;;;;;;;;;;;;;;;
OR183;VILLE DE VILLECRESNES;;;;;;;;;;;;;;;;;;;;;
OR184;VILLE DE VILLENEUVE-SAINT-GEORGES;;;;;;;;;;;;;;;;;;;;;
OR185;VILLE DE VILLEPARISIS;;;;;;;;;;;;;;;;;;;;;
OR186;VILLE DE VILLEPINTE;;;;;;;;;;;;;;;;;;;;;
OR187;VILLE DE VILLIERS-SUR-MARNE;;;;;;;;;;;;;;;;;;;;;
OR188;VILLE DE VIROFLAY;;;;;;;;;;;;;;;;;;;;;
OR189;ICART;;;;;;;;;;;;;;;;;;;;;
OR190;ERT;;;;;;;;;;;;;;;;;;;;;
OR191;CIRCET;;;;;;;;;;;;;;;;;;;;;
OR192;CONSEIL REGIONAL D ILE-DE-FRANCE;;;;;;;;;;;;;;;;;;;;;
OR193;CA COEUR D ESSONNE AGGLOMÉRATION;;;;;;;;;;;;;;;;;;;;;
OR194;CA COMMUNAUTE PARIS-SACLAY;;;;;;;;;;;;;;;;;;;;;
OR195;CA DE CERGY-PONTOISE;;;;;;;;;;;;;;;;;;;;;
OR196;CA DE SAINT QUENTIN EN YVELINES;;;;;;;;;;;;;;;;;;;;;
OR197;CA GRAND PARIS SUD SEINE ESSONNE SÉNART;;;;;;;;;;;;;;;;;;;;;
OR198;CA MARNE ET GONDOIRE;;;;;;;;;;;;;;;;;;;;;
OR199;CA PARIS - VALLEE DE LA MARNE;;;;;;;;;;;;;;;;;;;;;
OR200;CA PLAINE VALLEE;;;;;;;;;;;;;;;;;;;;;
OR201;CA ROISSY PAYS DE FRANCE;;;;;;;;;;;;;;;;;;;;;
OR202;CA SAINT GERMAIN BOUCLES DE SEINE;;;;;;;;;;;;;;;;;;;;;
OR203;CA VAL D YERRES VAL DE SEINE;;;;;;;;;;;;;;;;;;;;;
OR204;CA VAL PARISIS;;;;;;;;;;;;;;;;;;;;;
OR205;CA VERSAILLES GRAND PARC (CAVGP);;;;;;;;;;;;;;;;;;;;;
OR206;CC DE LA VALLEE DE L OISE ET DES TROIS FORETS;;;;;;;;;;;;;;;;;;;;;
OR207;CC LES PORTES BRIARDES ENTRE VILLES ET FORÊTS;;;;;;;;;;;;;;;;;;;;;
OR208;CC L OREE DE LA BRIE;;;;;;;;;;;;;;;;;;;;;
OR209;CC PLAINES ET MONTS DE FRANCE;;;;;;;;;;;;;;;;;;;;;
OR210;CC SAUSSERON IMPRESSIONNISTES;;;;;;;;;;;;;;;;;;;;;
OR211;CC VEXIN CENTRE;;;;;;;;;;;;;;;;;;;;;
OR212;CU GRAND PARIS SEINE ET OISE;;;;;;;;;;;;;;;;;;;;;
OR213;DEPARTEMENT DU VAL-DE-MARNE;;;;;;;;;;;;;;;;;;;;;
OR214;DEPARTEMENT DU VAL-D OISE;;;;;;;;;;;;;;;;;;;;;
OR215;DEPARTEMENT DES HAUTS-DE-SEINE;;;;;;;;;;;;;;;;;;;;;
OR216;DEPARTEMENT DE SEINE-SAINT-DENIS;;;;;;;;;;;;;;;;;;;;;
OR217;DEPARTEMENT DES YVELINES;;;;;;;;;;;;;;;;;;;;;
OR218;DEPARTEMENT DE SEINE-ET-MARNE;;;;;;;;;;;;;;;;;;;;;
OR219;DEPARTEMENT DE L ESSONNE;;;;;;;;;;;;;;;;;;;;;
OR220;FREE;;;;;;;;;;;;;;;;;;;;;
OR222;TIERS;;;;;;;;;;;;;;;;;;;;;
OR223;SNCF;;;;;;;;;;;;;;;;;;;;;
OR224;DSP MAJ - DEBITEX;;;;;;;;;;;;;;;;;;;;;
OR225;CLIENT;;;;;;;;;;;;;;;;;;;;;
OR227;PUBLIC;;;;;;;;;;;;;;;;;;;;;
OR228;COMMUNAL;;;;;;;;;;;;;;;;;;;;;
OR229;ECLAIRAGE PUBLIQUE;;;;;;;;;;;;;;;;;;;;;
OR230;I21 - INTEROUTE;;;;;;;;;;;;;;;;;;;;;
OR231;INTERXION;;;;;;;;;;;;;;;;;;;;;
OR232;RATP;;;;;;;;;;;;;;;;;;;;;
OR235;FOD;;;;;;;;;;;;;;;;;;;;;
OR237;PIRELLI;;;;;;;;;;;;;;;;;;;;;
OR239;NEXANS;;;;;;;;;;;;;;;;;;;;;
OR240;TYCO;;;;;;;;;;;;;;;;;;;;;
OR241;TE CONNECTIVITY;;;;;;;;;;;;;;;;;;;;;
OR242;POUYET;;;;;;;;;;;;;;;;;;;;;
OR243;COMMSCOPE;;;;;;;;;;;;;;;;;;;;;
OR244;GENERIQUE;;;;;;;;;;;;;;;;;;;;;
OR246;GENERIQUE FT;;;;;;;;;;;;;;;;;;;;;
OR247;3M;;;;;;;;;;;;;;;;;;;;;
OR248;RAYCHEM;;;;;;;;;;;;;;;;;;;;;
OR249;DSP - ALLIANCE CONNECTIC;;;;;;;;;;;;;;;;;;;;;
OR250;DSP MAJ - EURASEINE;;;;;;;;;;;;;;;;;;;;;
OR251;VIATEL;;;;;;;;;;;;;;;;;;;;;
OR252;COMMUNAUTE D AGGLOMERATION;;;;;;;;;;;;;;;;;;;;;
OR253;A VERFI;;;;;;;;;;;;;;;;;;;;;
OR254;RESEAU ZAC;;;;;;;;;;;;;;;;;;;;;
OR255;RESEAU ECLAIRAGE PUBLIC;;;;;;;;;;;;;;;;;;;;;
OR256;DSP MAJ - IRIS 64;;;;;;;;;;;;;;;;;;;;;
OR257;RESEAU ASSAINISSEMENT;;;;;;;;;;;;;;;;;;;;;
OR258;SEVESC;;;;;;;;;;;;;;;;;;;;;
OR259;RESEAU SIGNALISATION;;;;;;;;;;;;;;;;;;;;;
OR260;HDRR;;;;;;;;;;;;;;;;;;;;;
OR261;CG;;;;;;;;;;;;;;;;;;;;;
OR262;DSP MAJ - MACS THD;;;;;;;;;;;;;;;;;;;;;
OR263;DSP MAJ - INOLIA;;;;;;;;;;;;;;;;;;;;;
OR264;DSP ISERE;;;;;;;;;;;;;;;;;;;;;
OR265;DEPARTEMENTAL;;;;;;;;;;;;;;;;;;;;;
OR266;LUCENT;;;;;;;;;;;;;;;;;;;;;
OR267;DRAKA;;;;;;;;;;;;;;;;;;;;;
OR268;SAGEM;;;;;;;;;;;;;;;;;;;;;
OR269;AUTRE;;;;;;;;;;;;;;;;;;;;;
OR270;PRYSMIAN;;;;;;;;;;;;;;;;;;;;;
OR271;ACOME;;;;;;;;;;;;;;;;;;;;;
OR272;AUTRES;;;;;;;;;;;;;;;;;;;;;
OR273;ALCATEL;;;;;;;;;;;;;;;;;;;;;
OR274;ACESA (AUTOROUTES  CONCESSIONNAIRE ESPAGNOLE  SOCIETE ANONYME);;;;;;;;;;;;;;;;;;;;;
OR275;SRR;;;;;;;;;;;;;;;;;;;;;
OR277;SFR_FTTH_ZMD_ORANGE;;;;;;;;;;;;;;;;;;;;;
OR278;SEQUANTIC;;;;;;;;;;;;;;;;;;;;;
OR279;SFR_FTTH_ZMD_LEGACY;;;;;;;;;;;;;;;;;;;;;
OR280;NEUFCEGETEL;;;;;;;;;;;;;;;;;;;;;
OR281;EGOUT - DEA;;;;;;;;;;;;;;;;;;;;;
OR282;NATIONAL;;;;;;;;;;;;;;;;;;;;;
OR283;DEA;;;;;;;;;;;;;;;;;;;;;
OR284;EGOUT-COMMUNE;;;;;;;;;;;;;;;;;;;;;
OR285;DSEA;;;;;;;;;;;;;;;;;;;;;
OR286;EGOUT-SIAAP;;;;;;;;;;;;;;;;;;;;;
OR287;CONSEIL DEPARTEMENTAL;;;;;;;;;;;;;;;;;;;;;
OR288;EGOUT-COMMUNAL;;;;;;;;;;;;;;;;;;;;;
OR289;EGOUT;;;;;;;;;;;;;;;;;;;;;
OR292;SILEC;;;;;;;;;;;;;;;;;;;;;
OR293;BELGACOM;;;;;;;;;;;;;;;;;;;;;
OR294;NORAUTO;;;;;;;;;;;;;;;;;;;;;
OR295;LDCOM;;;;;;;;;;;;;;;;;;;;;
OR296;TELIA;;;;;;;;;;;;;;;;;;;;;
OR297;DALKIA;;;;;;;;;;;;;;;;;;;;;
OR298;WORLDCOM;;;;;;;;;;;;;;;;;;;;;
OR299;CREDIT AGRICOLE;;;;;;;;;;;;;;;;;;;;;
OR300;CEGETEL;;;;;;;;;;;;;;;;;;;;;
OR301;INFONIE;;;;;;;;;;;;;;;;;;;;;
OR302;TD;;;;;;;;;;;;;;;;;;;;;
OR303;LIBERTY SURF;;;;;;;;;;;;;;;;;;;;;
OR304;SUNGARD;;;;;;;;;;;;;;;;;;;;;
OR305;CHAMBRE SYNDICALE DES BANQUES;;;;;;;;;;;;;;;;;;;;;
OR306;9 TELECOM;;;;;;;;;;;;;;;;;;;;;
OR307;BAND-X;;;;;;;;;;;;;;;;;;;;;
OR308;CORNING;;;;;;;;;;;;;;;;;;;;;
OR309;IDEAOPTICAL;;;;;;;;;;;;;;;;;;;;;
OR310;SEQUALUM;;;;;;;;;;;;;;;;;;;;;
OR238;INDETERMINE;;;;;;;;;;;;;;;;;;;;;
OR314;INFONET;;;;;;;;;;;;;;;;;;;;;
OR315;ALLIANCE SANTE;;;;;;;;;;;;;;;;;;;;;
OR316;UGAP MONTPELLIER;;;;;;;;;;;;;;;;;;;;;
OR317;INDETERMINE;;;;;;;;;;;;;;;;;;;;;
OR318;ZONE D ACTIVITE COMMERCIALE - INDUSTRIELLE;;;;;;;;;;;;;;;;;;;;;
OR318;SIPPEREC;;;;;;;;;;;;;;;;;;;;;
